<?xml version="1.0" encoding="UTF-8"?>
<configuration>

	<!-- Process -->
	<property>
		<name>process-id</name>
		<value>E2E_STEP10</value>
	</property>

	<property>
		<name>mapreduce.job.name</name>
		<value>E2E_STEP10</value>
	</property>

	<property>
	   <name>mapreduce.job.queuename</name>
	   <value>etl_med</value>
	   <description>EXECUTION QUEUE</description>
   </property>
   
	<property>
		<name>mapreduce.job.reduces</name>
		<value>20</value>
		<description>NUMBER OF REDUCERS</description>
	</property>

	<property>
		<name>mapreduce.map.speculative</name>
		<value>false</value>
		<description>SPECULATIVE FOR MAPPING</description>
	</property>

	<property>
		<name>mapreduce.reduce.speculative</name>
		<value>false</value>
		<description>SPECULATIVE FOR REDUCING</description>
	</property>

	<property>
		 <name>mapreduce.job.max.split.locations</name>
		 <value>150</value>
		 <description></description>
   </property>
   
   <property>
		 <name>mapreduce.input.fileinputformat.split.maxsize</name>
		 <value>268435456</value>
		 <description></description>
   </property>

	<property>
		<name>lookback-days</name>
		<value>120</value>
		<description>Quantidade de dias a buscar na base</description>
	</property>

	<!-- Input Paths -->

	<property>
		<name>input-path-step9-pt2</name>
		<value>${environment}/work/convergencia/mapas_vendas/e2e/output9-pt2/*/</value>
		<description>Path dos dados de entrada de step9 pt 2</description>
	</property>

	<property>
		<name>input-path-wfmtoa</name>
		<value>/apps/hive/warehouse/fact.db/dw_f_wfmtoa_appt/</value>
		<description>Path dos dados de entrada de Wmftoa Appt</description>
	</property>
	
	<!-- Output Paths -->

	<property>
		<name>working-path</name>
		<value>${environment}/work/convergencia/mapas_vendas/e2e/working/</value>
		<description>Output do job diário</description>
	</property>

	<property>
		<name>output-path-hive</name>
		<value>${environment}/work/convergencia/mapas_vendas/venda_e2e/hive_input/</value>
		<description>Output do job diário</description>
	</property>

	<property>
		<name>output-path-gpdb</name>
		<value>${environment}/work/convergencia/mapas_vendas/venda_e2e/gpdb_input/</value>
		<description>Output do job diário</description>
	</property>
	
</configuration>