<?xml version="1.0" encoding="UTF-8"?>
<configuration>

	<!-- Process -->
	<property>
		<name>process-id</name>
		<value>E2E_STEP8</value>
	</property>

	<property>
		<name>mapreduce.job.name</name>
		<value>E2E_STEP8</value>
	</property>

	<property>
	   <name>mapreduce.job.queuename</name>
	   <value>etl_med</value>
	   <description>EXECUTION QUEUE</description>
   </property>
   
	<property>
		<name>mapreduce.job.reduces</name>
		<value>20</value>
		<description>NUMBER OF REDUCERS</description>
	</property>

	<property>
		<name>mapreduce.map.speculative</name>
		<value>false</value>
		<description>SPECULATIVE FOR MAPPING</description>
	</property>

	<property>
		<name>mapreduce.reduce.speculative</name>
		<value>false</value>
		<description>SPECULATIVE FOR REDUCING</description>
	</property>

	<property>
		 <name>mapreduce.job.max.split.locations</name>
		 <value>150</value>
		 <description></description>
   </property>
   
   <property>
		 <name>mapreduce.input.fileinputformat.split.maxsize</name>
		 <value>268435456</value>
		 <description></description>
   </property>

	<property>
		<name>lookback-days</name>
		<value>2</value>
		<description>Quantidade de dias a buscar na base</description>
	</property>

	<!-- Input Paths -->

	<property>
		<name>input-path-step7</name>
		<value>${environment}/work/convergencia/mapas_vendas/e2e/output7/*/</value>
		<description>Path dos dados de entrada de step7</description>
	</property>

	<property>
		<name>input-path-churn</name>
		<value>/apps/hive/warehouse/fact.db/dw_f_contrato_churn/</value>
		<description>Path dos dados de entrada de Churn</description>
	</property>

	<property>
		<name>input-path-gross</name>
		<value>/apps/hive/warehouse/fact.db/dw_f_gross/</value>
		<description>Path dos dados de entrada de Gross</description>
	</property>
	
	<!-- Output Paths -->

	<property>
		<name>working-path</name>
		<value>${environment}/work/convergencia/mapas_vendas/e2e/working/</value>
		<description>Output do job diário</description>
	</property>

	<property>
		<name>output-path</name>
		<value>${environment}/work/convergencia/mapas_vendas/e2e/output8/</value>
		<description>Output do job diário</description>
	</property>
	
</configuration>