<?xml version="1.0" encoding="UTF-8"?>
<configuration>
    <property>
        <name>process-id</name>
        <value>E2E</value>
    </property>

    <property>
        <name>description</name>
        <value>E2E</value>
    </property>

    <property>
        <name>base-path</name>
        <value>${environment}/work/convergencia/mapas_vendas/venda_e2e</value>
    </property>

    <property>
        <name>input-path</name>
        <value>${base-path}/gpdb_input/</value>
    </property>

    <property>
        <name>staging-path</name>
        <value>${base-path}/gpdb_staging/</value>
    </property>

    <property>
        <name>archive-path</name>
        <value>${base-path}/gpdb_archive/${timestamp}/</value>
    </property>

    <property>
        <name>failed-path</name>
        <value>${base-path}/gpdb_failed/${timestamp}</value>
    </property>

    <property>
        <name>max-input-to-process</name>
        <value>50</value>
    </property>

    <property>
        <name>max-archive</name>
        <value>10</value>
    </property>

    <property>
        <name>max-failed</name>
        <value>50</value>
    </property>

    <property>
        <name>managed-table</name>
        <value>reports.dw_r_conv_venda_e2e</value>
    </property>

    <property>
        <name>partition-type</name>
        <value>DAILY</value>
    </property>

    <property>
        <name>partition-query</name>
        <value>select
               distinct dat_ref::date
               from ext.dw_r_conv_venda_e2e</value>
    </property>

    <property>
        <name>insert</name>
        <value>insert into reports.dw_r_conv_venda_e2e
               select
                dat_ref_root::date,
				dat_criacao_ordem::date,
				hor_criacao_ordem::time without time zone,
				dat_venda::date,
				hor_venda::time without time zone,
				dat_venda_orig::date,
				hor_venda_orig::time without time zone,
				dat_status_ordem::date,
				hor_status_ordem::time without time zone,
				num_ordem_siebel::character varying(30),
				num_ordem_siebel_orig::character varying(30),
				cod_contrato_oltp::character varying(30),
				cod_contrato_ativacao::character varying(100),
				cod_contrato_atual::character varying(100),
				num_acesso::character varying(100),
				ide_customer_id::character varying(50),
				tpo_documento::character varying(20),
				num_documento::character varying(100),
				tpo_venda::character varying(30),
				tpo_produto::character varying(30),
				dsc_velocidade_download::character varying(20),
				dsc_velocidade_upload::character varying(20),
				dsc_plano_ativacao_oferta::character varying(50),
				dsc_login_vendedor::character varying(30),
				dsc_login_vendedor_orig::character varying(30),
				nom_vendedor::character varying(100),
				nom_vendedor_orig::character varying(100),
				dsc_canal::character varying(30),
				dsc_canal_orig::character varying(30),
				num_cnpj_parceiro::character varying(30),
				num_cnpj_parceiro_orig::character varying(30),
				cod_custcode::character varying(30),
				cod_custcode_orig::character varying(30),
				num_position::character varying(30),
				num_position_orig::character varying(30),
				nom_parceiro::character varying(100),
				nom_parceiro_orig::character varying(100),
				flg_canc_antes_venda::char(1),
				flg_venda_submetida::char(1),
				flg_venda_duplicada::char(1),
				flg_venda_bruta::char(1),
				flg_venda_liquida::char(1),
				flg_gross::character(1),
				flg_churn::character(1),
				flg_canc_pos_venda::char(1),
				flg_canc_dupl::char(1),
				flg_canc_liquido::char(1),
				dat_gross::date,
				dat_churn::date,
				dsc_motivo_churn::character varying(100),
				tpo_churn::character varying(30),
				dat_canc_venda::date,
				dsc_motivo_cancelamento::character varying(100),
				nom_cliente::character varying(100),
				num_telefone::character varying(100),
				dsc_email::character varying(100),
				sgl_uf::character varying(5),
				tpo_logradouro::character varying(30),
				dsc_logradouro::character varying(100),
				num_endereco::character varying(30),
				dsc_complemento::character varying(100),
				nom_bairro::character varying(30),
				num_cep::character varying(30),
				nom_cidade::character varying(100),
				msan_olt_venda::character varying(100),
				num_msan_olt_trafego::character varying(30),
				dsc_status_ordem::character varying(30),
				dsc_tecnologia::character varying(30),
				dsc_forma_pagamento::character varying(30),
				tpo_conta::character varying(30),
				cod_banco::character varying(100),
				cod_agencia_bco::character varying(50),
				cod_conta_corrente::character varying(20),
				cod_debito_automatico::character varying(30),
				num_dia_vencimento::character varying(100),
				num_semana_venda::character varying(8),
				num_semana_venda_orig::character varying(8),
				num_score::character varying(100),
				num_score_consumido::character varying(100),
				dat_finalizacao_ordem::date,
				dt_conclusao_wfm::timestamp without time zone,
				qtd_contratos::character varying(100),
				cod_conta_financeira::character varying(50),
				num_protocolo::character varying(30),
				flg_ordem_automatica::character(1),
				vlr_tx_recorrente::character varying(100),
				vlr_tx_nao_recorrente::character varying(100),
				dsc_status_item::character varying(30),
				nom_login_responsavel::character varying(30),
				nom_plano_atual::character varying(50),
				vlr_plano_atual_item::character varying(100),
				dsc_desconto_atual_item::character varying(50),
				vlr_desconto_atual_item::character varying(100),
				flg_portabilidade::char(1),
				dsc_operadora_doadora::character varying(50),
				cod_ddd::character varying(100),
				num_telefone_portado::character varying(100),
				dat_janela_portabilidade::date,
				hor_janela::time,
				dsc_status_ordem_wfm::character varying(100),
				dat_status_wfm::date,
				hora_status_wfm::time without time zone,
				id_recurso_wfm::character varying(50),
				nom_recurso_wfm::character varying(100),
				id_recurso_pai_wfm::character varying(50),
				dat_primeiro_agend::date,
				hora_primeiro_agendamento::time without time zone,
				dat_agend_atual::date,
				hora_agendamento_atual::time without time zone,
				dsc_status_ativacao::character varying(100),
				dsc_endereco_fatura::character varying(100),
				dsc_area_voip::character varying(50),
				flg_cpe::character(1),
				flg_ont::character(1),
				cod_convergente::character varying(30),
				dsc_detalhe_recusa_crivo::character varying(50),
				cod_item_root::character varying(30),
				dsc_login_cancelamento_ordem::character varying(50),
				nom_usuario_cancelou_ordem::character varying(100),
				cod_custcode_cliente::character varying(50),
				dominio_root::character varying(30),
				dat_ref::date
               from ext.dw_r_conv_venda_e2e;

               TRUNCATE TABLE aux.dw_d_conv_venda_e2e_dat_ref;
               INSERT INTO aux.dw_d_conv_venda_e2e_dat_ref
               SELECT distinct dat_ref::date
               FROM reports.dw_r_conv_venda_e2e;

               TRUNCATE TABLE aux.dw_d_conv_venda_e2e_dat_cri;
               INSERT INTO aux.dw_d_conv_venda_e2e_dat_cri
               SELECT distinct dat_criacao_ordem::date
               FROM reports.dw_r_conv_venda_e2e;
        </value>
    </property>

</configuration>
