<?xml version="1.0" encoding="UTF-8"?>
<configuration>
    <property>
        <name>process-id</name>
        <value>E2E</value>
    </property>

    <property>
        <name>description</name>
        <value>E2E</value>
    </property>

    <property>
        <name>base-path</name>
        <value>${environment}/work/convergencia/mapas_vendas/venda_e2e</value>
    </property>

    <property>
        <name>input-path</name>
        <value>${base-path}/hive_input/</value>
    </property>

    <property>
        <name>staging-path</name>
        <value>${base-path}/hive_staging/</value>
    </property>

    <property>
        <name>archive-path</name>
        <value>${base-path}/hive_archive/${timestamp}/</value>
    </property>

    <property>
        <name>failed-path</name>
        <value>${base-path}/hive_failed/${timestamp}/</value>
    </property>

    <property>
        <name>max-input-to-process</name>
        <value>10</value>
    </property>

    <property>
        <name>max-archive</name>
        <value>10</value>
    </property>

    <property>
        <name>max-failed</name>
        <value>10</value>
    </property>

    <property>
        <name>insert</name>
        <value><![CDATA[insert overwrite table reports.dw_r_conv_venda_e2e partition(dat_ref)
		        select
                dat_ref_root,
				dat_criacao_ordem,
				hor_criacao_ordem,
				dat_venda,
				hor_venda,
				dat_venda_orig,
				hor_venda_orig,
				dat_status_ordem,
				hor_status_ordem,
				num_ordem_siebel,
				num_ordem_siebel_orig,
				cod_contrato_oltp,
				cod_contrato_ativacao,
				cod_contrato_atual,
				num_acesso,
				ide_customer_id,
				tpo_documento,
				num_documento,
				tpo_venda,
				tpo_produto,
				dsc_velocidade_download,
				dsc_velocidade_upload,
				dsc_plano_ativacao_oferta,
				dsc_login_vendedor,
				dsc_login_vendedor_orig,
				nom_vendedor,
				nom_vendedor_orig,
				dsc_canal ,
				dsc_canal_orig,
				num_cnpj_parceiro,
				num_cnpj_parceiro_orig,
				cod_custcode,
				cod_custcode_orig,
				num_position,
				num_position_orig,
				nom_parceiro,
				nom_parceiro_orig,
				flg_canc_antes_venda,
				flg_venda_submetida,
				flg_venda_duplicada,
				flg_venda_bruta,
				flg_venda_liquida,
				flg_gross,
				flg_churn,
				flg_canc_pos_venda,
				flg_canc_dupl,
				flg_canc_liquido,
				dat_gross,
				dat_churn,
				dsc_motivo_churn,
				tpo_churn,
				dat_canc_venda,
				dsc_motivo_cancelamento,
				nom_cliente,
				num_telefone,
				dsc_email,
				sgl_uf,
				tpo_logradouro,
				dsc_logradouro,
				num_endereco,
				dsc_complemento,
				nom_bairro,
				num_cep,
				nom_cidade,
				msan_olt_venda,
				num_msan_olt_trafego,
				dsc_status_ordem,
				dsc_tecnologia,
				dsc_forma_pagamento,
				tpo_conta,
				cod_banco,
				cod_agencia_bco,
				cod_conta_corrente,
				cod_debito_automatico,
				num_dia_vencimento,
				num_semana_venda,
				num_semana_venda_orig,
				num_score,
				num_score_consumido,
				dat_finalizacao_ordem,
				dt_conclusa_wfm,
				qtd_contratos,
				cod_conta_financeira,
				num_protocolo,
				flg_ordem_automatica,
				vlr_tx_recorrente,
				vlr_tx_nao_recorrente,
				dsc_status_item,
				nom_login_responsavel,
				nom_plano_atual,
				vlr_plano_atual_item,
				dsc_desconto_atual_item,
				vlr_desconto_atual_item,
				flg_portabilidade,
				dsc_operadora_doadora,
				cod_ddd,
				num_telefone_portado,
				dat_janela_portabilidade,
				hor_janela,
				dsc_status_ordem_wfm,
				dat_status_ordem_wfm,
				hora_status_wfm,
				id_recurso_wfm,
				nom_recurso_wfm,
				id_recurso_pai_wfm,
				dat_primeiro_agend,
				hora_primeiro_agendamento,
				dat_agend_atual,
				hora_agendamento_atual,
				dsc_status_ativacao,
				dsc_endereco_fatura,
				dsc_area_voip,
				flg_cpe,
				flg_ont,
				cod_convergente,
				dsc_detalhe_recusa_crivo,
				cod_item_root,
				dsc_login_cancelamento_ordem,
				nom_usuario_cancelou_ordem,
				cod_custcode_cliente,
				dominio_root,
				dat_ref              
		        from ext.dw_r_conv_venda_e2e]]></value>
    </property>

    <property>
        <name>hiveingestion.tez.queue.name</name>
        <value>ing_low</value>
    </property>

</configuration>