<?xml version="1.0" encoding="UTF-8"?>
<configuration>
    <property>
        <name>process-id</name>
        <value>ITEM_ORDEM</value>
    </property>

    <property>
        <name>description</name>
        <value>ITEM_ORDEM</value>
    </property>

    <property>
        <name>base-path</name>
        <value>${environment}/work/convergencia/mapas_vendas/item_ordem</value>
    </property>

    <property>
        <name>input-path</name>
        <value>${base-path}/gpdb_input/</value>
    </property>

    <property>
        <name>staging-path</name>
        <value>${base-path}/gpdb_staging/</value>
    </property>

    <property>
        <name>archive-path</name>
        <value>${base-path}/gpdb_archive/${timestamp}/</value>
    </property>

    <property>
        <name>failed-path</name>
        <value>${base-path}/gpdb_failed/${timestamp}</value>
    </property>

    <property>
        <name>max-input-to-process</name>
        <value>50</value>
    </property>

    <property>
        <name>max-archive</name>
        <value>10</value>
    </property>

    <property>
        <name>max-failed</name>
        <value>50</value>
    </property>

    <property>
        <name>managed-table</name>
        <value>reports.dw_r_conv_item_ordem</value>
    </property>

    <property>
        <name>partition-type</name>
        <value>DAILY</value>
    </property>

    <property>
        <name>partition-query</name>
        <value>select
               distinct dat_ref::date
               from ext.dw_r_conv_item_ordem</value>
    </property>

    <property>
        <name>insert</name>
        <value>insert into reports.dw_r_conv_item_ordem
               select
               num_ordem::character varying(50),
               nom_bairro::character varying(100),
               num_cep::character varying(20),
               nom_cidade::character varying(100),
               num_cnpj_parc_venda::character varying(30),
               dsc_complemento::character varying(100),
               dat_desconexao::timestamp without time zone,
               dat_venda::timestamp without time zone,
               dsc_logradouro::character varying(100),
               num_logradouro::character varying(100),
               nom_plano_atual::character varying(50),
               nom_plano_novo::character varying(50),
               num_telefone::numeric,
               dsc_tipo_logradouro::character varying(30),
               nom_produto::character varying(50),
               tpo_motivo::character varying(50),
               sgl_uf_instalacao::character varying(10),
               dat_ref_ordem::timestamp without time zone,
               dsc_acao_item_ordem::character varying(100),
               dsc_status_item::character varying(50),
               dsc_email::character varying(100),
               dsc_tipo_ordem::character varying(50),
               dsc_forma_pgto::character varying(50),
               cod_cta_financeira::character varying(50),
               cod_contrato_oltp::character varying(50),
               num_protocolo::character varying(30),
               dat_criacao_ordem::date,
               dat_hor_criacao_ordem::timestamp without time zone,
               dat_status_ordem::timestamp without time zone,
               dat_suspensao::timestamp without time zone,
               dat_reativacao::timestamp without time zone,
               cod_service_id::character varying(30),
               nom_contato::character varying(100),
               dsc_motivo_status_item::character varying(50),
               dsc_login_responsavel::character varying(50),
               dsc_login_vendedor::character varying(50),
               dsc_canal_venda::character varying(50),
               regexp_replace(vlr_plano_atual, ',', '.')::numeric,
               dsc_desconto_atual::character varying(50),
               regexp_replace(vlr_desconto_atual, ',', '.')::numeric,
               regexp_replace(vlr_plano_novo, ',', '.')::numeric,
               nom_desconto_novo::character varying(50),
               regexp_replace(vlr_desconto_novo, ',', '.')::numeric,
               flg_portabilidade::character(1),
               cod_ddd::smallint,
               num_telefone_portado::bigint,
               dat_janela_portabilidade::timestamp without time zone,
               dsc_estorno::character varying(30),
               num_bilhete_estornado::numeric,
               dsc_motivo_estorno::character varying(50),
               dsc_status_ordem_wfm::character varying(50),
			   dat_hora_status_wfm::timestamp without time zone,
               num_dia_vencimento::character varying(50),
               dsc_tipo_conta::character varying(50),
               dsc_endereco_fatura::character varying(100),
               dsc_area_voip::character varying(50),
               cod_banco::character varying(100),
               cod_agencia_bco::character varying(100),
               cod_conta_corrente::character varying(30),
               dat_alt_forma_pgto::timestamp without time zone,
               cod_debito_automatico::character varying(100),
               cod_item_ordem::integer,
               nom_parceiro_venda::character varying(50),
               ide_item_ord_pai::character varying(30),
               ide_item_ordem::character varying(30),
               dsc_categoria_item::character varying(30),
               dsc_tecnologia::character varying(30),
               flg_cpe::character(1),
               flg_ont::character(1),
               dsc_velocidade_contratada::character varying(30),
               num_custcode::character varying(40),
               num_telefone_2::numeric,
               num_telefone_3::numeric,
               dominio_root::character varying(30),
               dat_ref::date
               from ext.dw_r_conv_item_ordem;

               TRUNCATE TABLE aux.dw_d_conv_item_ordem_dat_ref;
               INSERT INTO aux.dw_d_conv_item_ordem_dat_ref
               SELECT distinct dat_ref::date
               FROM reports.dw_r_conv_item_ordem;

               TRUNCATE TABLE aux.dw_d_conv_item_ordem_dat_cri;
               INSERT INTO aux.dw_d_conv_item_ordem_dat_cri
               SELECT distinct dat_criacao_ordem::date
               FROM reports.dw_r_conv_item_ordem;
        </value>
    </property>

</configuration>
