<?xml version="1.0" encoding="UTF-8"?>
<configuration>
    <property>
        <name>process-id</name>
        <value>ITEM_ORDEM</value>
    </property>

    <property>
        <name>description</name>
        <value>ITEM_ORDEM</value>
    </property>

    <property>
        <name>base-path</name>
        <value>${environment}/work/convergencia/mapas_vendas/item_ordem</value>
    </property>

    <property>
        <name>input-path</name>
        <value>${base-path}/hive_input/</value>
    </property>

    <property>
        <name>staging-path</name>
        <value>${base-path}/hive_staging/</value>
    </property>

    <property>
        <name>archive-path</name>
        <value>${base-path}/hive_archive/${timestamp}/</value>
    </property>

    <property>
        <name>failed-path</name>
        <value>${base-path}/hive_failed/${timestamp}/</value>
    </property>

    <property>
        <name>max-input-to-process</name>
        <value>10</value>
    </property>

    <property>
        <name>max-archive</name>
        <value>10</value>
    </property>

    <property>
        <name>max-failed</name>
        <value>10</value>
    </property>

    <property>
        <name>insert</name>
        <value><![CDATA[insert overwrite table reports.dw_r_conv_item_ordem partition(dat_ref)
		        select
		        num_ordem,
				nom_bairro,
				num_cep,
				nom_cidade,
				num_cnpj_parc_venda ,
				dsc_complemento ,
				dat_desconexao,
				dat_venda,
				dsc_logradouro,
				num_logradouro,
				dsc_plano_atual,
				dsc_plano_novo,
				num_telefone,
				dsc_tipo_logradouro,
				nom_produto,
				tpo_motivo,
				sgl_uf_instalacao,
				dat_ref_ordem,
				dsc_acao_item_ordem,
				dsc_status_item,
				dsc_email,
				dsc_tipo_ordem,
				dsc_forma_pgto,
				cod_cta_financeira,
				cod_contrato_oltp,
				num_protocolo,
				dat_criacao_ordem,
				dat_hor_criacao_ordem,
				dat_status_ordem,
				dat_suspensao,
				dat_reativacao,
				cod_service_id,
				nom_contato,
				dsc_motivo_status_item,
				nom_login_responsavel,
				nom_login_vendedor,
				dsc_canal_venda,
				vlr_plano_atual,
				nom_desconto_atual,
				vlr_desconto_atual,
				vlr_plano_novo,
				nom_desconto_novo,
				vlr_desconto_novo,
				flg_portabilidade,
				cod_ddd,
				num_telefone_portado,
				dat_janela_portabilidade,
				dsc_estorno,
				num_bilhete_estornado,
				dsc_motivo_estorno,
				dsc_status_ordem_wfm,
				dat_hora_status_wfm,
				num_dia_vencimento,
				dsc_tipo_conta,
				dsc_endereco_fatura,
				dsc_area_voip,
				cod_banco,
				cod_agencia_bco,
				cod_conta_corrente,
				dat_alt_forma_pgto,
				cod_debito_automatico,
				cod_item_ordem,
				nom_parceiro_venda,
				ide_item_ord_pai,
				ide_item_ordem,
				dsc_categoria_item,
				dsc_tecnologia,
				flg_cpe,
				flg_ont,
				dsc_velocidade_contratada,
				num_custcode,
				num_telefone_2,
				num_telefone_3,
				dominio_root,
				dat_ref
		        from ext.dw_r_conv_item_ordem]]></value>
    </property>

    <property>
        <name>hiveingestion.tez.queue.name</name>
        <value>ing_low</value>
    </property>

</configuration>