<?xml version="1.0" encoding="UTF-8"?>
<configuration>

	<!-- Process -->
	<property>
		<name>process-id</name>
		<value>ITEM_ORDEM_STEP1</value>
	</property>

	<property>
		<name>mapreduce.job.name</name>
		<value>ITEM_ORDEM_STEP1</value>
	</property>

	<property>
	   <name>mapreduce.job.queuename</name>
	   <value>etl_med</value>
	   <description>EXECUTION QUEUE</description>
   </property>
   
	<property>
		<name>mapreduce.job.reduces</name>
		<value>20</value>
		<description>NUMBER OF REDUCERS</description>
	</property>

	<property>
		<name>mapreduce.map.speculative</name>
		<value>false</value>
		<description>SPECULATIVE FOR MAPPING</description>
	</property>

	<property>
		<name>mapreduce.reduce.speculative</name>
		<value>false</value>
		<description>SPECULATIVE FOR REDUCING</description>
	</property>

	<property>
		 <name>mapreduce.job.max.split.locations</name>
		 <value>150</value>
		 <description></description>
   </property>
   
   <property>
		 <name>mapreduce.input.fileinputformat.split.maxsize</name>
		 <value>268435456</value>
		 <description></description>
   </property>

	<property>
		<name>lookback-days</name>
		<value>60</value>
		<description>Quantidade de dias a buscar na base</description>
	</property>

	<!-- Input Paths -->

	<property>
		<name>input-path-item</name>
		<value>/apps/hive/warehouse/aux.db/dw_d_p609_siebel_bat509_itens/</value>
		<description>Path dos dados de entrada de bat509 item</description>
	</property>

	<property>
		<name>input-path-ordem</name>
		<value>/apps/hive/warehouse/aux.db/dw_d_p609_siebel_bat509_order/</value>
		<description>Path dos dados de entrada de bat509 ordem</description>
	</property>
	
	<property>
		<name>input-path-wfm-toa</name>
		<value>/apps/hive/warehouse/fact.db/dw_f_wfmtoa_appt/</value>
		<description>Path dos dados de entrada de WFM TOA</description>
	</property>
	
	<!-- Output Paths -->

	<property>
		<name>working-path</name>
		<value>${environment}/work/convergencia/mapas_vendas/item_ordem/working/</value>
		<description>Output do job diário</description>
	</property>

	<property>
		<name>output-path</name>
		<value>${environment}/work/convergencia/mapas_vendas/item_ordem/output/</value>
		<description>Output do job diário</description>
	</property>
	
</configuration>