<?xml version="1.0" encoding="UTF-8"?>
<configuration>
    <property>
        <name>process-id</name>
        <value>TRAMIT_ORDEM</value>
    </property>

    <property>
        <name>description</name>
        <value>TRAMIT_ORDEM</value>
    </property>

    <property>
        <name>base-path</name>
        <value>${environment}/work/convergencia/mapas_vendas/tramit</value>
    </property>

    <property>
        <name>input-path</name>
        <value>${base-path}/gpdb_input/</value>
    </property>

    <property>
        <name>staging-path</name>
        <value>${base-path}/gpdb_staging/</value>
    </property>

    <property>
        <name>archive-path</name>
        <value>${base-path}/gpdb_archive/${timestamp}/</value>
    </property>

    <property>
        <name>failed-path</name>
        <value>${base-path}/gpdb_failed/${timestamp}</value>
    </property>

    <property>
        <name>max-input-to-process</name>
        <value>50</value>
    </property>

    <property>
        <name>max-archive</name>
        <value>10</value>
    </property>

    <property>
        <name>max-failed</name>
        <value>50</value>
    </property>

    <property>
        <name>managed-table</name>
        <value>reports.dw_r_conv_tramit_ordem</value>
    </property>

    <property>
        <name>partition-type</name>
        <value>DAILY</value>
    </property>

    <property>
        <name>partition-query</name>
        <value>select
               distinct dat_ref::date
               from ext.dw_r_conv_tramit_ordem</value>
    </property>

    <property>
        <name>insert</name>
        <value>insert into reports.dw_r_conv_tramit_ordem
               select
               num_ordem_siebel::character varying(50),
               num_cpf_cnpj::character varying(30),
               num_contrato::character varying(50),
               dat_criacao_ordem::date,
               dat_hor_criacao_ordem::timestamp without time zone,
               dsc_login::character varying(50),
               dsc_status_siebel::character varying(30),
               dsc_motivo_cancelamento::character varying(50),
               status_wfm_toa::character varying(50),
               tpo_ordem::character varying(50),
               cod_subtipo_ordem::character varying(50),
               dsc_parceiro_venda_siebel::character varying(100),
               resource_wfm_toa::character varying(50),
			   date_wfm_toa::date,
               tpo_erro::character varying(30),
               step_erro::character varying(100),
               dsc_erro_normalizado::character varying(50),
               msan::character varying(100),
               dsc_owner::character varying(50),
               num_aging::character varying(50),
               num_aging_faixa::character varying(20),
               dsc_tecnologia::character varying(50),
               flg_cpe::char(1),
               flg_ont::char(1),
               nom_produto::character varying(50),
               sgl_uf::character varying(2),
               dat_ref::date
               from ext.dw_r_conv_tramit_ordem;

               TRUNCATE TABLE aux.dw_d_conv_tramit_ordem_dat_ref;
               INSERT INTO aux.dw_d_conv_tramit_ordem_dat_ref
               SELECT distinct dat_ref::date
               FROM reports.dw_r_conv_tramit_ordem;

               TRUNCATE TABLE aux.dw_d_conv_tramit_ordem_dat_cri;
               INSERT INTO aux.dw_d_conv_tramit_ordem_dat_cri
               SELECT distinct dat_criacao_ordem::date
               FROM reports.dw_r_conv_tramit_ordem;
        </value>
    </property>

</configuration>