<?xml version="1.0" encoding="UTF-8"?>
<configuration>
    <property>
        <name>process-id</name>
        <value>TRAMIT_ORDEM</value>
    </property>

    <property>
        <name>description</name>
        <value>TRAMIT_ORDEM</value>
    </property>

    <property>
        <name>base-path</name>
        <value>${environment}/work/convergencia/mapas_vendas/tramit</value>
    </property>

    <property>
        <name>input-path</name>
        <value>${base-path}/hive_input/</value>
    </property>

    <property>
        <name>staging-path</name>
        <value>${base-path}/hive_staging/</value>
    </property>

    <property>
        <name>archive-path</name>
        <value>${base-path}/hive_archive/${timestamp}/</value>
    </property>

    <property>
        <name>failed-path</name>
        <value>${base-path}/hive_failed/${timestamp}/</value>
    </property>

    <property>
        <name>max-input-to-process</name>
        <value>10</value>
    </property>

    <property>
        <name>max-archive</name>
        <value>10</value>
    </property>

    <property>
        <name>max-failed</name>
        <value>10</value>
    </property>

    <property>
        <name>insert</name>
        <value><![CDATA[insert overwrite table reports.dw_r_conv_tramit_ordem partition(dat_ref)
		        select
                num_ordem_siebel,
				num_cpf_cnpj,
				num_contrato,
				dat_criacao_ordem,
				dat_hor_criacao_ordem,
				dsc_login,
				dsc_status_siebel,
				dsc_motivo_cancelamento,
				status_wfm_toa,
				tpo_ordem,
				cod_subtipo_ordem,
				dsc_parceiro_venda_siebel,
				resource_wfm_toa,
				date_wfm_toa,
				tpo_erro,
				step_erro,
				dsc_erro_normalizado,
				msan,
				dsc_owner,
				num_aging,
				num_aging_faixa,
				dsc_tecnologia,
				flg_cpe,
				flg_ont,
				nom_produto,
				sgl_uf,
				dat_ref
				from ext.dw_r_conv_tramit_ordem]]></value>
    </property>

    <property>
        <name>hiveingestion.tez.queue.name</name>
        <value>ing_low</value>
    </property>

</configuration>