<?xml version="1.0" encoding="UTF-8"?>
<configuration>
    <property>
        <name>process-id</name>
        <value>E2E_REFACTORING_GPDB_LOAD</value>
    </property>

    <property>
        <name>description</name>
        <value>${process-id}</value>
    </property>

    <property>
        <name>base-path</name>
        <value>${environment}/work/convergencia/mapas_vendas/venda_e2e_refactoring/</value>
    </property>

    <property>
        <name>input-path</name>
        <value>${base-path}/gpdb_input/</value>
    </property>

    <property>
        <name>staging-path</name>
        <value>${base-path}/gpdb_staging/</value>
    </property>

    <property>
        <name>archive-path</name>
        <value>${base-path}/gpdb_archive/${timestamp}/</value>
    </property>

    <property>
        <name>failed-path</name>
        <value>${base-path}/gpdb_failed/${timestamp}</value>
    </property>

    <property>
        <name>max-input-to-process</name>
        <value>200</value>
    </property>

    <property>
        <name>max-archive</name>
        <value>10</value>
    </property>

    <property>
        <name>max-failed</name>
        <value>50</value>
    </property>

    <property>
        <name>managed-table</name>
        <value>reports.dw_r_conv_venda_e2e_refactoring</value>
    </property>

    <property>
        <name>external-table</name>
        <value>ext.dw_r_conv_venda_e2e_refactoring</value>
    </property>

    <property>
        <name>partition-type</name>
        <value>DAILY</value>
    </property>

    <property>
        <name>partition-query</name>
        <value>select distinct dat_ref::date 
              from ${external-table};</value>
    </property>

    <property>
        <name>insert</name>
        <value>INSERT INTO ${managed-table}
            SELECT
                 dat_ref_root::date
				,to_date(dat_criacao_ordem, 'MM/dd/yyyy')
				,hor_criacao_ordem::time without time zone
				,to_date(dat_venda, 'MM/dd/yyyy')
				,hor_venda::time without time zone
				,to_date(dat_venda_orig, 'MM/dd/yyyy')
				,hor_venda_orig::time without time zone
				,to_date(dat_status_ordem, 'MM/dd/yyyy')
				,hor_status_ordem::time without time zone
				,num_ordem_siebel::character varying(100)
				,num_ordem_siebel_orig::character varying(100)
				,cod_contrato_oltp::character varying(100)
				,cod_contrato_ativacao::character varying(100)
				,cod_contrato_atual::character varying(100)
				,num_acesso::character varying(100)
				,ide_customer_id::character varying(50)
				,tpo_documento::character varying(20)
				,num_documento::character varying(100)
				,tpo_venda::character varying(100)
				,tpo_produto::character varying(100)
				,dsc_velocidade_download::character varying(20)
				,dsc_velocidade_upload::character varying(20)
				,dsc_plano_ativacao_oferta::character varying(50)
				,dsc_login_vendedor::character varying(100)
				,dsc_login_vendedor_orig::character varying(100)
				,nom_vendedor::character varying(100)
				,nom_vendedor_orig::character varying(100)
				,dsc_canal::character varying(100)
				,dsc_canal_orig::character varying(100)
				,num_cnpj_parceiro::character varying(100)
				,num_cnpj_parceiro_orig::character varying(100)
				,cod_custcode::character varying(100)
				,cod_custcode_orig::character varying(100)
				,num_position::character varying(100)
				,num_position_orig::character varying(100)
				,dat_criacao_ordem_churn::timestamp without time zone
				,dat_conclusao_ordem_churn::timestamp without time zone
				,flg_canc_antes_venda::character varying(100)
				,flg_venda_submetida::character varying(100)
				,flg_venda_duplicada::character varying(100)
				,flg_venda_bruta::character varying(100)
				,flg_venda_liquida ::character varying(100)
				,flg_gross::character varying(100)
				,flg_churn::character varying(100)
				,flg_canc_pos_venda::character varying(100)
				,flg_canc_dupl::character varying(100)
				,flg_canc_liquido::character varying(100)
				,to_date(dat_gross, 'dd/MM/yyyy')
				,to_date(dat_churn, 'dd/MM/yyyy')
				,dsc_motivo_churn::character varying(100)
				,tpo_churn::character varying(100)
				,dat_canc_venda::date
				,dsc_motivo_cancelamento::character varying(100)
				,nom_cliente::character varying(100)
				,num_telefone::character varying(100)
				,dsc_email::character varying(100)
				,sgl_uf::character varying(5)
				,tpo_logradouro::character varying(100)
				,dsc_logradouro::character varying(100)
				,num_endereco::character varying(100)
				,dsc_complemento::character varying(100)
				,nom_bairro::character varying(100)
				,num_cep::character varying(100)
				,nom_cidade::character varying(100)
				,msan_olt_venda::character varying(100)
				,num_msan_olt_trafego::character varying(100)
				,dsc_status_ordem::character varying(100)
				,dsc_tecnologia::character varying(100)
				,dsc_forma_pagamento::character varying(100)
				,tpo_conta::character varying(100)
				,cod_banco::character varying(100)
				,cod_agencia_bco::character varying(50)
				,cod_conta_corrente::character varying(20)
				,cod_debito_automatico::character varying(100)
				,num_dia_vencimento::character varying(100)
				,num_semana_venda::character varying(8)
				,num_semana_venda_orig::character varying(8)
				,num_score::character varying(100)
				,num_score_consumido::character varying(100)
				,dat_finalizacao_ordem::date
				,dt_conclusao_wfm::timestamp without time zone
				,qtd_contratos::integer
				,cod_ordem_churn::character varying(50)
				,num_protocolo::character varying(100)
				,flg_ordem_automatica::character varying(100)
				,replace(vlr_tx_recorrente, ',', '.')::numeric
				,replace(vlr_tx_nao_recorrente, ',', '.')::numeric
				,dsc_status_item::character varying(100)
				,nom_login_responsavel::character varying(100)
				,nom_plano_atual::character varying(50)
				,replace(vlr_plano_atual_item, ',', '.')::numeric
				,dsc_desconto_atual_item::character varying(50)
				,vlr_desconto_atual_item::character varying(100)
				,flg_portabilidade::character varying(100)
				,dsc_operadora_doadora::character varying(50)
				,cod_ddd::character varying(100)
				,num_telefone_portado::character varying(100)
				,dat_janela_portabilidade::date
				,hor_janela::time without time zone
				,dsc_status_ordem_wfm::character varying(100)
				,dat_status_wfm::date
				,hora_status_wfm::time without time zone
				,id_recurso_wfm::character varying(50)
				,nom_recurso_wfm::character varying(100)
				,id_recurso_pai_wfm::character varying(50)
				,dat_primeiro_agend::date
				,hora_primeiro_agendamento::time without time zone
				,dat_agend_atual::date
				,hora_agendamento_atual::time without time zone
				,dsc_status_ativacao::character varying(100)
				,dsc_endereco_fatura::character varying(100)
				,dsc_area_voip::character varying(50)
				,flg_cpe::character varying(100)
				,flg_ont::character varying(100)
				,cod_convergente::character varying(100)
				,dsc_detalhe_recusa_crivo::character varying(50)
				,cod_item_root::character varying(100)
				,dsc_login_cancelamento_ordem::character varying(50)
				,nom_usuario_cancelou_ordem::character varying(100)
				,cod_custcode_cliente::character varying(50)
				,dominio_root::character varying(100)
				,dsc_email_cliente::character varying(100)
				,dat_ref::date
            FROM ${external-table}</value>
    </property>

</configuration>