<?xml version="1.0" encoding="UTF-8"?>
<configuration>

    <property>
        <name>process-id</name>
        <value>ABT_MODELO_CARING_CLIENTE_HIVE_LOAD</value>
        <description>Processo de HIVE LOAD MODELO CARING CLIENTE</description>
    </property>

	<property>
		<name>mapreduce.job.name</name>
		<value>${process-id}</value>
	</property>
	
    <property>
        <name>base-path</name>
        <value>${environment}/work/convergencia/mapas_vendas/venda_e2e</value>
    </property>

    <property>
        <name>input-path</name>
        <value>${base-path}/hive_input</value>
    </property>

    <property>
        <name>staging-path</name>
        <value>${base-path}/hive_staging</value>
    </property>

    <property>
        <name>archive-path</name>
        <value>${base-path}/hive_archive/${timestamp}</value>
    </property>

    <property>
        <name>failed-path</name>
        <value>${base-path}/hive_failed/${timestamp}</value>
    </property>

    <property>
        <name>max-input-to-process</name>
        <value>50</value>
    </property>

    <property>
        <name>max-archive</name>
        <value>0</value>
    </property>

    <property>
        <name>max-failed</name>
        <value>10</value>
    </property>

    <property>
        <name>insert</name>
        <value><![CDATA[insert overwrite table adhoc.dw_r_conv_venda_e2e_refactoring partition(dat_ref)
                        select
                        	*,
                        	regexp_replace(current_date,"-","")
                        from 
                        	adhoc.dw_r_conv_venda_e2e_refactoring_ext]]></value>
    </property>

    <property>
        <name>hiveingestion.tez.queue.name</name>
        <value>ing_high</value>
    </property>

    <property>
        <name>hiveingestion.hive.enforce.bucketing</name>
        <value>true</value>
    </property>
    
</configuration>