<?xml version="1.0" encoding="UTF-8"?>
<configuration>

  <property>
    <name>process-id</name>
    <value>E2E-FILTRO-LOAD-AUX</value>
  </property>

  <property>
    <name>process-description</name>
    <value>Processo responsavel por criar os filtros obrigatórios para as consultas. Convergência-MapasVendas E2E.</value>
  </property> 

  <property>
    <name>flag-only-query</name>
    <value>true</value>
  </property>

  <property>
    <name>gpdb-named-queries</name>
    <value>trunc-dat-cri,trunc-dat-ref,trunc-stat-ordem,trunc-tpo-prod,
           load-dat-cri,load-dat-ref,load-stat-ordem,load-tpo-prod</value>
  </property>
  
  <property>
    <name>context-class</name>
    <value>br.com.tim.gpdb.GpdbQueryContext</value>
  </property>
  
  <property>
    <name>execution-date</name>
    <value></value>
  </property>
  
  <property>
    <name>trunc-dat-cri</name>
    <value>truncate table aux.dw_d_conv_venda_e2e_dat_cri;</value>
  </property>

  <property>
    <name>trunc-dat-ref</name>
    <value>truncate table aux.dw_d_conv_venda_e2e_dat_ref;</value>
  </property>
  
  <property>
    <name>trunc-stat-ordem</name>
    <value>truncate table aux.dw_d_conv_venda_e2e_stat_ordem;</value>
  </property>
  
  <property>
    <name>trunc-tpo-prod</name>
    <value>truncate table aux.dw_d_conv_venda_e2e_tpo_prod;</value>
  </property>
  
  <property>
    <name>load-dat-cri</name>
    <value>insert into aux.dw_d_conv_venda_e2e_dat_cri
           select distinct dat_criacao_ordem
             from reports.dw_r_conv_venda_e2e;</value>
  </property>

  <property>
    <name>load-dat-ref</name>
    <value>insert into aux.dw_d_conv_venda_e2e_dat_ref
           select distinct dat_ref
             from reports.dw_r_conv_venda_e2e;</value>
  </property>
  
  <property>
    <name>load-stat-ordem</name>
    <value>insert into aux.dw_d_conv_venda_e2e_stat_ordem
           select distinct dsc_status_ordem
             from reports.dw_r_conv_venda_e2e;</value>
  </property>
  
  <property>
    <name>load-tpo-prod</name>
    <value>insert into aux.dw_d_conv_venda_e2e_tpo_prod
           select distinct tpo_produto
             from reports.dw_r_conv_venda_e2e;</value>
  </property>

</configuration>