<?xml version="1.0" encoding="UTF-8"?>
<configuration>

	<!-- Process -->
	<property>
		<name>process-id</name>
		<value>E2E_STEP4</value>
	</property>

	<property>
		<name>mapreduce.job.name</name>
		<value>E2E_STEP4</value>
	</property>

	<property>
	   <name>mapreduce.job.queuename</name>
	   <value>etl_med</value>
	   <description>EXECUTION QUEUE</description>
   </property>
   
	<property>
		<name>mapreduce.job.reduces</name>
		<value>20</value>
		<description>NUMBER OF REDUCERS</description>
	</property>

	<property>
		<name>mapreduce.map.speculative</name>
		<value>false</value>
		<description>SPECULATIVE FOR MAPPING</description>
	</property>

	<property>
		<name>mapreduce.reduce.speculative</name>
		<value>false</value>
		<description>SPECULATIVE FOR REDUCING</description>
	</property>

	<property>
		 <name>mapreduce.job.max.split.locations</name>
		 <value>150</value>
		 <description></description>
   </property>
   
   <property>
		 <name>mapreduce.input.fileinputformat.split.maxsize</name>
		 <value>268435456</value>
		 <description></description>
   </property>

	<!-- Input Paths -->
	
	<property>
		<name>base-path</name>
		<value>${environment}/work/convergencia</value>
		<description>Base Path</description>
	</property>

	<property>
		<name>mapa-hist-fact-partition</name>
		<value>dat_ref</value>
	</property>
	
	<property>
		<name>mapa-hist-fact-input</name>
		<value>/apps/hive/warehouse/reports.db/dw_r_conv_map_vendas_historico</value>
		<description>Path dos dados de entrada de step4</description>
	</property>
	
	<!-- Output Paths -->

	<property>
		<name>output-path-step4</name>
		<value>${base-path}/mapas_vendas/e2e_refactoring/step4pt1_output/</value>
		<description>Output do job diário</description>
	</property>

	
</configuration>