<?xml version="1.0" encoding="UTF-8"?>
<configuration>

	<!-- Process -->
	<property>
		<name>process-id</name>
		<value>E2E_STEP4Pt2</value>
	</property>

	<property>
		<name>mapreduce.job.name</name>
		<value>E2E_STEP4Pt2</value>
	</property>

	<property>
	   <name>mapreduce.job.queuename</name>
	   <value>etl_med</value>
	   <description>EXECUTION QUEUE</description>
   </property>
   
	<property>
		<name>mapreduce.job.reduces</name>
		<value>20</value>
		<description>NUMBER OF REDUCERS</description>
	</property>

	<property>
		<name>mapreduce.map.speculative</name>
		<value>false</value>
		<description>SPECULATIVE FOR MAPPING</description>
	</property>

	<property>
		<name>mapreduce.reduce.speculative</name>
		<value>false</value>
		<description>SPECULATIVE FOR REDUCING</description>
	</property>

	<property>
		 <name>mapreduce.job.max.split.locations</name>
		 <value>150</value>
		 <description></description>
   </property>
   
   <property>
		 <name>mapreduce.input.fileinputformat.split.maxsize</name>
		 <value>268435456</value>
		 <description></description>
   </property>

	<property>
		<name>lookback-days</name>
		<value>1</value>
		<description>Quantidade de dias a buscar na base</description>
	</property>

	<!-- Input Paths -->
	
	<property>
		<name>base-path</name>
		<value>${environment}/work/convergencia/mapas_vendas/e2e_refactoring</value>
		<description>Path dos dados de entrada de step1</description>
	</property>

	<property>
		<name>step4pt1-fact-input</name>
		<value>${base-path}/step4pt1_output/</value>
		<description>Path dos dados de entrada de step1</description>
	</property>
	
	<property>
		<name>ordem-fact-partition</name>
		<value>dat_ref</value>
	</property>

	<property>
		<name>ordem-fact-input</name>
		<value>/apps/hive/warehouse/aux.db/dw_d_p609_siebel_bat509_order/</value>
		<description>Path dos dados de entrada de bat509 ordem</description>
	</property>
	
	<!-- Output Paths -->

	<property>
		<name>output-path-step4pt2</name>
		<value>${base-path}/step4pt2_output/</value>
		<description>Output do job diário</description>
	</property>

	<property>
		<name>mapreduce.output.fileoutputformat.compress</name>
		<value>true</value>
		<description>Define that the output will be GZiped</description>
	</property>
	
</configuration>