<?xml version="1.0" encoding="UTF-8"?>
<configuration>

    <property>
        <name>managed-table-hist</name>
        <value>reports.dw_r_conv_map_vendas_historico</value>
    </property>
    
    <property>
        <name>external-table</name>
        <value>tmp_dw_r_conv_map_vendas_siebel</value>
    </property>
    
    <property>
        <name>root-path</name>
        <value>work</value>
    </property>

    <property>
        <name>process-id</name>
        <value>MAPA</value>
        <description>Processo para geração de relatório intraday de recarga detalhada.</description>
    </property>
	
    <property>
        <name>hive-name-querys</name>
        <value>subset-ext.dw_r_conv_map_vendas_siebel-tmp,
subset-dw_f_bat510_cad_vend_sblpos-tmp,
subset-dw_d_icc_bat511_login_pos-tmp,
subset-dw_d_p609_siebel_bat509_order_ref180_tmp,
subset-dw_d_p609_siebel_bat509_order_ref180_tmp_last_status_atualizacao,
subset-dw_d_p609_siebel_bat509_order_ref180_tmp_com_atualizacao,
subset-dw_d_p609_siebel_bat509_order_ref180_tmp_last_status,
subset-dw_d_p609_siebel_bat509_order_60dias_tmp,
subset-dw_d_p609_siebel_bat509_order_60dias_orig_tmp,
subset-dw_d_p609_siebel_bat509_order_60dias_orig_itemb_tmp,
subset-dw_d_p609_siebel_bat509_order_60dias_flag_orig_itemb_tmp,
subset-dw_d_p609_siebel_bat509_order_60dias_orig_itemb_sim_sem_status_tmp,
subset-dw_d_p609_siebel_bat509_order_60dias_flag_orig_itemb_sem_status_tmp,
subset-dw_r_conv_map_vendas_final_ext_tmp_orig_tmp,
subset-dw_r_conv_map_vendas_final_ext_tmp_orig_tmp_t,
subset-dw_d_p609_siebel_bat509_order_60dias_orig_itemb_sim_sem_status_tmp_ordem_mais_atual,
subset-dw_d_p609_siebel_bat509_order_60dias_orig_itemb_sim_sem_status_tmp_ordem_mais_atual_bruta,
subset-dw_r_conv_map_vendas_final_ext_tmp_orig_tmp_t_final,
subset-dw_r_conv_map_vendas_final_ext_tmp_orig_tmp_t_final_ordem_sibel_sem_orig,
subset-dw_r_conv_map_vendas_final_ext_tmp_orig_tmp_t_final_ordem_sibel,
subset-dw_d_mapas_vendas_num_ordem_siebel,
subset-dw_d_mapas_vendas_num_siebel_orig,
subset-dw_r_conv_map_vendas_output_511_login_vendedor_max,
subset-dw_r_conv_map_vendas_output_510_login_vendedor_max,
subset-dw_r_conv_map_vendas_output_511_login_vendedor_original_max,
subset-dw_r_conv_map_vendas_output_510_login_vendedor_original_max,
subset-dw_r_conv_map_vendas_output_511_login_cancelamento_max,
subset-dw_r_conv_map_vendas_output_510_login_cancelamento_max,
subset-overwritepath
        </value>
        <description>Poderá ser adicionada uma ou mais querys</description>
    </property>

    <property>
<name>context-class</name>
<value>br.com.tim.hive.HiveContextHdp</value>
</property>
<property>
        <name>hiveingestion.tez.queue.name</name>
        <value>etl_med</value>
    </property>
    
    <property>
    <name>PARAM_DATE_REF</name>
    <value></value>
    </property>
<property>
        <name>output-path</name>
        <value>${environment}/${root-path}/convergencia/mapas_vendas/e2e_refactoring/step4pt3_output/</value>
    </property>
    
    <property>
        <name>hiveingestion.hive.exec.compress.output</name>
        <value>true</value>
    </property>
    
     <property>
	<name>subset-ext.dw_r_conv_map_vendas_siebel-tmp</name>
	<value><![CDATA[create temporary table tmp_dw_r_conv_map_vendas_siebel stored as ORC AS select * from ext.dw_r_conv_map_vendas_siebel]]></value>
     </property>  

     <property>
	<name>subset-dw_f_bat510_cad_vend_sblpos-tmp</name>
	<value><![CDATA[create temporary table tmp_dw_f_bat510_cad_vend_sblpos stored as ORC AS 
					select
					dup.login_vendedor,
					dup.nom_vendedor
					from (
					select
					bat510.login_vendedor,
					bat510.nom_vendedor,
					row_number() over (partition by bat510.login_vendedor order by bat510.dat_ref desc, bat510.nom_vendedor asc) linha
					from fact.dw_f_bat510_cad_vend_sblpos bat510
					where bat510.dat_ref between from_unixtime(unix_timestamp(date_sub(from_unixtime(unix_timestamp('${PARAM_DATE_REF}', 'yyyyMMdd'), 'yyyy-MM-dd'), 600), 'yyyy-MM-dd'), 'yyyyMMdd') 
					and from_unixtime(unix_timestamp('${PARAM_DATE_REF}', 'yyyyMMdd'), 'yyyyMMdd')) dup
					where dup.linha = 1]]></value>
     </property>  	 
	 
     <property>
	<name>subset-dw_d_icc_bat511_login_pos-tmp</name>
	<value><![CDATA[create temporary table tmp_dw_d_icc_bat511_login_pos stored as ORC AS 
					select 
					dup.id_do_usuario,
					dup.nome
					from (select
					bat511.id_do_usuario,
					concat(bat511.nome, ' ', bat511.sobrenome) as nome,
					row_number() over (partition by bat511.id_do_usuario order by bat511.dat_from_filename_part desc, bat511.nome asc) linha
					from aux.dw_d_icc_bat511_login_pos bat511
					where bat511.dat_from_filename_part between from_unixtime(unix_timestamp(date_sub(from_unixtime(unix_timestamp('${PARAM_DATE_REF}', 'yyyyMMdd'), 'yyyy-MM-dd'), 600), 'yyyy-MM-dd'), 'yyyyMMdd') 
					and from_unixtime(unix_timestamp('${PARAM_DATE_REF}', 'yyyyMMdd'), 'yyyyMMdd') ) dup
					where dup.linha = 1]]></value>
     </property>   	 
    
  
     <property>
<name>subset-dw_d_p609_siebel_bat509_order_ref180_tmp</name>
<value><![CDATA[
create temporary table dw_d_p609_siebel_bat509_order_ref180_tmp_adhoc stored as ORC 
AS
select ord.tipo_venda Sub_Tipo_Ordem,
ord.documento documento,
concat(ord.dat_status_ordem, ' ', ord.hr_status_ordem) Data_Status_Ordem,
step3.Num_Ordem_Siebel,
ord.num_ordem_siebel num_ordem_siebel_orig,
ord.status_ordem status_ordem,
concat(ord.dat_venda, ' ', ord.hora_da_venda) data_venda,
ord.login_vendedor login_vendedor,
ord.canal canal_venda,
ord.cnpj_parceiro cnpj_parceiro_venda,
ord.custcode custcode_pdv,
ord.nome_parceiro_venda nome_parceiro_venda,
ord.datref dat_ref
from ${external-table} ord,
${external-table} step3
where
from_unixtime(unix_timestamp(concat(ord.dat_status_ordem, ' ', ord.hr_status_ordem), 'MM/dd/yyyy HH:mm:ss'), 'yyyy-MM-dd') >= '2020-02-16' 
and ord.tipo_venda = step3.tipo_venda --marcus alteração BUG 806526
and from_unixtime(unix_timestamp(concat(step3.Dat_Venda, ' ', step3.hora_da_venda), 'MM/dd/yyyy HH:mm:ss'), 'MM/dd/yyyy HH:mm:ss') > from_unixtime(unix_timestamp(concat(ord.Dat_Venda, ' ', ord.hora_da_venda), 'MM/dd/yyyy HH:mm:ss'), 'MM/dd/yyyy HH:mm:ss')--marcus alteração BUG 806526
and ord.documento = step3.documento
and ord.Num_Ordem_Siebel != step3.Num_Ordem_Siebel
and ord.dat_venda != ''
--and ord.dat_ref <= step3.datref
--and from_unixtime(unix_timestamp(ord.data_criacao_ordem, 'MM/dd/yyyy HH:mm:ss'), 'yyyy-MM-dd HH:mm:ss') < concat(from_unixtime(unix_timestamp(step3.dat_criacao_ordem, 'MM/dd/yyyy'), 'yyyy-MM-dd'), ' ', step3.hora_criacao_da_ordem) -- Regra nova só para pegar os casos em que a ordem é de data de criação menor do que a corrente
--and ord.datref between from_unixtime(unix_timestamp(date_sub(from_unixtime(unix_timestamp('${PARAM_DATE_REF}', 'yyyyMMdd'), 'yyyy-MM-dd'), 180), 'yyyy-MM-dd'), 'yyyyMMdd') -- Alteração para pegar mais que 180 dias
--and '${PARAM_DATE_REF}'
group by ord.tipo_venda,
ord.documento,
concat(ord.dat_status_ordem, ' ', ord.hr_status_ordem),
step3.Num_Ordem_Siebel,
ord.num_ordem_siebel,
ord.status_ordem,
concat(ord.dat_venda, ' ', ord.hora_da_venda),
ord.login_vendedor,
ord.canal,
ord.cnpj_parceiro,
ord.custcode,
ord.nome_parceiro_venda,
ord.datref

]]></value>
</property>
  
  
       <property>
<name>subset-dw_d_p609_siebel_bat509_order_ref180_tmp_last_status_atualizacao</name>
<value><![CDATA[
create temporary table dw_d_p609_siebel_bat509_order_ref180_tmp_last_status_atualizacao_adhoc stored as ORC
as
select * from(
select 
*,
row_number() over (partition by num180.Num_Ordem_Siebel, num180.num_ordem_siebel_orig order by num180.Data_Status_Ordem desc) linha
from dw_d_p609_siebel_bat509_order_ref180_tmp_adhoc num180) sub
where 
sub.linha = 1

]]></value>
</property>


     <property>
<name>subset-dw_d_p609_siebel_bat509_order_ref180_tmp_com_atualizacao</name>
<value><![CDATA[
create temporary table dw_d_p609_siebel_bat509_order_ref180_tmp_com_atualizacao_adhoc stored as ORC
as 
select 
distinct item.numero_da_ordem, item.acao_do_item_da_ordem, item.categoria_do_item_de_ordem, item.tipo_do_item_de_ordem
from dw_d_p609_siebel_bat509_order_ref180_tmp_last_status_atualizacao_adhoc ref180
inner join aux.dw_d_p609_siebel_bat509_itens item on ref180.num_ordem_siebel_orig = item.numero_da_ordem
where 
item.dat_ref > '20200216'
and ref180.dat_ref >= item.dat_ref
and item.acao_do_item_da_ordem = 'Atualizar'
and item.categoria_do_item_de_ordem = 'ACESSO'
and item.tipo_do_item_de_ordem = 'TIM_FIBER'
]]></value>
</property>


     <property>
<name>subset-dw_d_p609_siebel_bat509_order_ref180_tmp_last_status</name>
<value><![CDATA[
create temporary table dw_d_p609_siebel_bat509_order_ref180_tmp_last_status_adhoc  stored as ORC
as
select 
atual.*
from dw_d_p609_siebel_bat509_order_ref180_tmp_last_status_atualizacao_adhoc atual
left join dw_d_p609_siebel_bat509_order_ref180_tmp_com_atualizacao_adhoc poussuiAtualizacao on atual.num_ordem_siebel_orig = poussuiAtualizacao.numero_da_ordem
where poussuiAtualizacao.numero_da_ordem is null
]]></value>
</property>



     <property>
<name>subset-dw_d_p609_siebel_bat509_order_60dias_tmp</name>
<value><![CDATA[
create temporary table dw_d_p609_siebel_bat509_order_60dias_tmp_adhoc stored as ORC
AS 
select step3.datref,
step3.Num_Ordem_Siebel,
step3.status_ordem status_ordem_corrente, -- regra para pegar o status da ordem atual,
concat(from_unixtime(unix_timestamp(step3.Dat_Venda, 'MM/dd/yyyy'), 'yyyy-MM-dd'), ' ', step3.hora_da_venda) Dat_Hr_Venda,
from_unixtime(unix_timestamp(order60dias.Data_Status_Ordem, 'MM/dd/yyyy HH:mm:ss'), 'yyyy-MM-dd HH:mm:ss') Dat_St_Ord,
order60dias.num_ordem_siebel_orig,
order60dias.data_venda,
order60dias.login_vendedor,
order60dias.canal_venda,
order60dias.cnpj_parceiro_venda,
order60dias.custcode_pdv,
order60dias.nome_parceiro_venda,
case
when from_unixtime(unix_timestamp(order60dias.Data_Status_Ordem, 'MM/dd/yyyy HH:mm:ss'), 'yyyy-MM-dd HH:mm:ss')
between concat(date_sub(from_unixtime(unix_timestamp(step3.Dat_Venda, 'MM/dd/yyyy'), 'yyyy-MM-dd'), 60), ' ', step3.hora_da_venda)
and concat(from_unixtime(unix_timestamp(step3.Dat_Venda, 'MM/dd/yyyy'), 'yyyy-MM-dd'), ' ', step3.hora_da_venda) then
'sim'
when 
from_unixtime(unix_timestamp(order60dias.data_venda, 'MM/dd/yyyy HH:mm:ss'), 'yyyy-MM-dd HH:mm:ss')
between concat(date_sub(from_unixtime(unix_timestamp(step3.Dat_Venda, 'MM/dd/yyyy'), 'yyyy-MM-dd'), 60), ' ', step3.hora_da_venda)-- nova regra ou eu olho a data de status ou a data de venda 
and concat(from_unixtime(unix_timestamp(step3.Dat_Venda, 'MM/dd/yyyy'), 'yyyy-MM-dd'), ' ', step3.hora_da_venda) then
'sim'
else
'nao'
end Range60dias,       
order60dias.status_ordem,
step3.documento
from ${external-table} step3
LEFT JOIN dw_d_p609_siebel_bat509_order_ref180_tmp_last_status_adhoc  order60dias
ON (step3.tipo_venda = order60dias.Sub_Tipo_Ordem
and step3.documento = order60dias.documento
and order60dias.data_venda != '')
where step3.Num_Ordem_Siebel != order60dias.num_ordem_siebel_orig
group by step3.datref,
step3.Num_Ordem_Siebel,
step3.status_ordem, -- regra para pegar o status da ordem atual,
concat(from_unixtime(unix_timestamp(step3.Dat_Venda, 'MM/dd/yyyy'), 'yyyy-MM-dd'), ' ', step3.hora_da_venda),
from_unixtime(unix_timestamp(order60dias.Data_Status_Ordem, 'MM/dd/yyyy HH:mm:ss'), 'yyyy-MM-dd HH:mm:ss'),
order60dias.num_ordem_siebel_orig,
order60dias.data_venda,
order60dias.login_vendedor,
order60dias.canal_venda,
order60dias.cnpj_parceiro_venda,
order60dias.custcode_pdv,
order60dias.nome_parceiro_venda,
case
when from_unixtime(unix_timestamp(order60dias.Data_Status_Ordem, 'MM/dd/yyyy HH:mm:ss'), 'yyyy-MM-dd HH:mm:ss')
between concat(date_sub(from_unixtime(unix_timestamp(step3.Dat_Venda, 'MM/dd/yyyy'), 'yyyy-MM-dd'), 60), ' ', step3.hora_da_venda)
and concat(from_unixtime(unix_timestamp(step3.Dat_Venda, 'MM/dd/yyyy'), 'yyyy-MM-dd'), ' ', step3.hora_da_venda) then
'sim'
when 
from_unixtime(unix_timestamp(order60dias.data_venda, 'MM/dd/yyyy HH:mm:ss'), 'yyyy-MM-dd HH:mm:ss')
between concat(date_sub(from_unixtime(unix_timestamp(step3.Dat_Venda, 'MM/dd/yyyy'), 'yyyy-MM-dd'), 60), ' ', step3.hora_da_venda)
and concat(from_unixtime(unix_timestamp(step3.Dat_Venda, 'MM/dd/yyyy'), 'yyyy-MM-dd'), ' ', step3.hora_da_venda) then
'sim'
else
'nao'
end,
order60dias.status_ordem,
step3.documento
]]></value>
</property>



     <property>
<name>subset-dw_d_p609_siebel_bat509_order_60dias_orig_tmp</name>
<value><![CDATA[
create temporary table dw_d_p609_siebel_bat509_order_60dias_orig_tmp_adhoc stored as ORC
AS 
select sub.num_ordem_siebel,
sub.num_ordem_siebel_orig,
sub.data_venda,
sub.login_vendedor,
sub.canal_venda,
sub.cnpj_parceiro_venda,
sub.custcode_pdv,
sub.nome_parceiro_venda,
sub.documento,
sub.dat_st_ord,
sub.range60dias,
sub.status_ordem,
sub.status_ordem_corrente
from (select 60dias.num_ordem_siebel,
case when range60dias = 'nao' then
60dias.num_ordem_siebel
else
case when range60dias = 'sim' and 60dias.status_ordem in ('Concluído', 'Pendente Portabilidade', 'Pendente de Portabilidade') and  60dias.status_ordem_corrente in ('Concluído', 'Pendente Portabilidade', 'Pendente de Portabilidade') then -- and status_ordem_corrente in ('Concluído', 'Pendente Portabilidade', 'Pendente de Portabilidade')
60dias.num_ordem_siebel
else
60dias.num_ordem_siebel_orig
end
end num_ordem_siebel_orig,
60dias.dat_st_ord,
60dias.data_venda,
60dias.login_vendedor,
60dias.canal_venda,
60dias.cnpj_parceiro_venda,
60dias.custcode_pdv,
60dias.nome_parceiro_venda,
60dias.documento,               
60dias.range60dias,
60dias.status_ordem,
60dias.status_ordem_corrente
from dw_d_p609_siebel_bat509_order_60dias_tmp_adhoc 60dias) sub
]]></value>
</property>



     <property>
<name>subset-dw_d_p609_siebel_bat509_order_60dias_orig_itemb_tmp</name>
<value><![CDATA[
create temporary table dw_d_p609_siebel_bat509_order_60dias_orig_itemb_tmp_adhoc stored as ORC
AS 
select distinct *
from (select 60dias.num_ordem_siebel,
case when range60dias = 'nao' then
60dias.num_ordem_siebel
else
case when range60dias = 'sim' and 60dias.status_ordem in ('Concluído', 'Pendente de Portabilidade', 'Pendente Portabilidade') and  60dias.status_ordem_corrente in ('Concluído', 'Pendente Portabilidade', 'Pendente de Portabilidade') then
'1'
else
'0'
end
end num_ordem_siebel_orig, -- flag_num_ordem_siebel_orig_item_b,
60dias.dat_st_ord,
60dias.data_venda,
60dias.login_vendedor,
60dias.canal_venda,
60dias.cnpj_parceiro_venda,
60dias.custcode_pdv,
60dias.nome_parceiro_venda,
60dias.documento,
60dias.range60dias,
60dias.status_ordem,
60dias.status_ordem_corrente
from dw_d_p609_siebel_bat509_order_60dias_tmp_adhoc 60dias) sub
where sub.num_ordem_siebel_orig = '1'

]]></value>
</property>



     <property>
<name>subset-dw_d_p609_siebel_bat509_order_60dias_flag_orig_itemb_tmp</name>
<value><![CDATA[
create temporary table dw_d_p609_siebel_bat509_order_60dias_flag_orig_itemb_tmp_adhoc stored as ORC
AS 
select 
60dias.num_ordem_siebel,
coalesce(itemb.num_ordem_siebel, 60dias.num_ordem_siebel_orig) as num_ordem_siebel_orig,
case when itemb.num_ordem_siebel is null then '0' else '1' end flag_item_b,
coalesce(itemb.data_venda, 60dias.data_venda) data_venda,
coalesce(itemb.login_vendedor, 60dias.login_vendedor) login_vendedor,
coalesce(itemb.canal_venda, 60dias.canal_venda) canal_venda,
coalesce(itemb.cnpj_parceiro_venda, 60dias.cnpj_parceiro_venda) cnpj_parceiro_venda,
coalesce(itemb.custcode_pdv, 60dias.custcode_pdv) custcode_pdv,
coalesce(itemb.nome_parceiro_venda, 60dias.nome_parceiro_venda) nome_parceiro_venda,
coalesce(itemb.documento, 60dias.documento) documento,
coalesce(itemb.dat_st_ord, 60dias.dat_st_ord) dat_st_ord,
coalesce(itemb.range60dias, 60dias.range60dias) range60dias,
coalesce(itemb.status_ordem, 60dias.status_ordem) status_ordem,
coalesce(itemb.status_ordem_corrente, 60dias.status_ordem_corrente) status_ordem_corrente
from 
dw_d_p609_siebel_bat509_order_60dias_orig_tmp_adhoc 60dias
left join dw_d_p609_siebel_bat509_order_60dias_orig_itemb_tmp_adhoc itemb on itemb.num_ordem_siebel = 60dias.num_ordem_siebel
]]></value>
</property>


     <property>
<name>subset-dw_d_p609_siebel_bat509_order_60dias_orig_itemb_sim_sem_status_tmp</name>
<value><![CDATA[
create temporary table dw_d_p609_siebel_bat509_order_60dias_orig_itemb_sim_sem_status_tmp_adhoc stored as ORC
AS 
select distinct *
from (select 60dias.num_ordem_siebel,
case when range60dias = 'nao' then
60dias.num_ordem_siebel
else
case when range60dias = 'sim' and 60dias.status_ordem in ('Concluído', 'Pendente de Portabilidade', 'Pendente Portabilidade') and  60dias.status_ordem_corrente in ('Concluído', 'Pendente Portabilidade', 'Pendente de Portabilidade') then
'1'
else
'0'
end
end flag_num_ordem_siebel_orig_item_b, -- flag_num_ordem_siebel_orig_item_b,
60dias.num_ordem_siebel_orig,
60dias.dat_st_ord,
60dias.data_venda,
60dias.login_vendedor,
60dias.canal_venda,
60dias.cnpj_parceiro_venda,
60dias.custcode_pdv,
60dias.nome_parceiro_venda,
60dias.documento,
60dias.range60dias,
60dias.status_ordem,
60dias.status_ordem_corrente
from dw_d_p609_siebel_bat509_order_60dias_flag_orig_itemb_tmp_adhoc 60dias) sub
where sub.flag_num_ordem_siebel_orig_item_b = '0'
]]></value>
</property>


     <property>
<name>subset-dw_d_p609_siebel_bat509_order_60dias_flag_orig_itemb_sem_status_tmp</name>
<value><![CDATA[
create temporary table dw_d_p609_siebel_bat509_order_60dias_flag_orig_itemb_sem_status_tmp_adhoc stored as ORC
AS 
select 
60dias.num_ordem_siebel,
coalesce(itemb.num_ordem_siebel_orig, 60dias.num_ordem_siebel_orig) as num_ordem_siebel_orig,
case when itemb.num_ordem_siebel is null then '0' else '1' end flag_item_b,
coalesce(itemb.data_venda, 60dias.data_venda) data_venda,
coalesce(itemb.login_vendedor, 60dias.login_vendedor) login_vendedor,
coalesce(itemb.canal_venda, 60dias.canal_venda) canal_venda,
coalesce(itemb.cnpj_parceiro_venda, 60dias.cnpj_parceiro_venda) cnpj_parceiro_venda,
coalesce(itemb.custcode_pdv, 60dias.custcode_pdv) custcode_pdv,
coalesce(itemb.nome_parceiro_venda, 60dias.nome_parceiro_venda) nome_parceiro_venda,
coalesce(itemb.documento, 60dias.documento) documento,
coalesce(itemb.dat_st_ord, 60dias.dat_st_ord) dat_st_ord,
coalesce(itemb.range60dias, 60dias.range60dias) range60dias,
coalesce(itemb.status_ordem, 60dias.status_ordem) status_ordem,
coalesce(itemb.status_ordem_corrente, 60dias.status_ordem_corrente) status_ordem_corrente
from 
dw_d_p609_siebel_bat509_order_60dias_flag_orig_itemb_tmp_adhoc 60dias
left join dw_d_p609_siebel_bat509_order_60dias_orig_itemb_sim_sem_status_tmp_adhoc itemb on itemb.num_ordem_siebel = 60dias.num_ordem_siebel
]]></value>
</property>


     <property>
<name>subset-dw_r_conv_map_vendas_final_ext_tmp_orig_tmp</name>
<value><![CDATA[
create temporary table dw_r_conv_map_vendas_final_ext_tmp_orig_tmp_adhoc stored as ORC
as
select sub.*
from (select step3.*,
case when orig.num_ordem_siebel_orig is null and step3.dat_venda != '' then
step3.num_ordem_siebel
else
orig.num_ordem_siebel_orig
end o_num_ordem_siebel_orig,
orig.data_venda          o_data_venda,
orig.login_vendedor      o_login_vendedor,
orig.canal_venda         o_canal_venda,
orig.cnpj_parceiro_venda o_cnpj_parceiro_venda,
orig.custcode_pdv        o_custcode_pdv,
orig.nome_parceiro_venda o_nome_parceiro_venda,
row_number() over (partition by step3.num_ordem_siebel order by orig.dat_st_ord asc) o_linha
from ${external-table} step3
left join dw_d_p609_siebel_bat509_order_60dias_orig_tmp_adhoc orig
on (step3.num_ordem_siebel = orig.num_ordem_siebel)) sub
where sub.o_linha = 1
]]></value>
</property>


     <property>
<name>subset-dw_r_conv_map_vendas_final_ext_tmp_orig_tmp_t</name>
<value><![CDATA[
create temporary table dw_r_conv_map_vendas_final_ext_tmp_orig_tmp_t_adhoc stored as ORC
as
select sub.*
from (select step3.num_ordem_siebel,
case when orig.num_ordem_siebel_orig is null and step3.dat_venda != '' then
step3.num_ordem_siebel
else
orig.num_ordem_siebel_orig
end o_num_ordem_siebel_orig,
coalesce(orig.data_venda, concat(step3.dat_venda, ' ', step3.hora_da_venda)) o_data_venda,
coalesce(orig.login_vendedor, step3.login_vendedor)                          o_login_vendedor,
coalesce(orig.canal_venda, step3.canal)                                      o_canal_venda,
coalesce(orig.cnpj_parceiro_venda, step3.cnpj_parceiro)                      o_cnpj_parceiro_venda,
coalesce(orig.custcode_pdv, step3.custcode)                                  o_custcode_pdv,
coalesce(orig.nome_parceiro_venda, step3.nome_parceiro_venda)                o_nome_parceiro_venda,
row_number() over (partition by step3.num_ordem_siebel order by from_unixtime(unix_timestamp(orig.data_venda, 'MM/dd/yyyy HH:mm:ss'), 'yyyy-MM-dd HH:mm:ss') desc) o_linha
from ${external-table} step3
left join dw_d_p609_siebel_bat509_order_60dias_flag_orig_itemb_sem_status_tmp_adhoc orig
on (step3.num_ordem_siebel = orig.num_ordem_siebel)) sub
where sub.o_linha = 1
]]></value>
</property>



     <property>
<name>subset-dw_d_p609_siebel_bat509_order_60dias_orig_itemb_sim_sem_status_tmp_ordem_mais_atual</name>
<value><![CDATA[
create temporary table dw_d_p609_siebel_bat509_order_60dias_orig_itemb_sim_sem_status_tmp_ordem_mais_atual_adhoc stored as ORC
as 
select * from (
select 
60diasSemStstaus.num_ordem_siebel, 
final.o_num_ordem_siebel_orig,
final.o_data_venda,
final.o_login_vendedor,
final.o_canal_venda,
final.o_cnpj_parceiro_venda,
final.o_custcode_pdv,
final.o_nome_parceiro_venda,
row_number() over (partition by 60diasSemStstaus.num_ordem_siebel order by from_unixtime(unix_timestamp(final.o_data_venda, 'MM/dd/yyyy HH:mm:ss'), 'yyyy-MM-dd HH:mm:ss') desc) o_linha
from 
dw_d_p609_siebel_bat509_order_60dias_orig_itemb_sim_sem_status_tmp_adhoc 60diasSemStstaus
inner join dw_d_p609_siebel_bat509_order_ref180_tmp_last_status_adhoc  180dias on 60diasSemStstaus.num_ordem_siebel = 180dias.num_ordem_siebel --marcus
inner join dw_r_conv_map_vendas_final_ext_tmp_orig_tmp_t_adhoc final on 180dias.num_ordem_siebel_orig = final.num_ordem_siebel
where final.num_ordem_siebel = final.o_num_ordem_siebel_orig
) sub 
where sub.o_linha = 1
]]></value>
</property>


     <property>
<name>subset-dw_d_p609_siebel_bat509_order_60dias_orig_itemb_sim_sem_status_tmp_ordem_mais_atual_bruta</name>
<value><![CDATA[
create temporary table dw_d_p609_siebel_bat509_order_60dias_orig_itemb_sim_sem_status_tmp_ordem_mais_atual_bruta_adhoc stored as ORC
as 
select * from (
select 
semStatus.num_ordem_siebel,
finalTemp.num_ordem_siebel as o_num_ordem_siebel,
finalTemp.o_num_ordem_siebel_orig,
finalTemp.o_data_venda,
finalTemp.o_login_vendedor,
finalTemp.o_canal_venda,
finalTemp.o_cnpj_parceiro_venda,
finalTemp.o_custcode_pdv,
finalTemp.o_nome_parceiro_venda,
row_number() over (partition by semStatus.num_ordem_siebel order by from_unixtime(unix_timestamp(finalTemp.o_data_venda, 'MM/dd/yyyy HH:mm:ss'), 'yyyy-MM-dd HH:mm:ss') desc) o_linha
from 
dw_d_p609_siebel_bat509_order_60dias_orig_itemb_sim_sem_status_tmp_adhoc semStatus
inner join dw_r_conv_map_vendas_final_ext_tmp_orig_tmp_t_adhoc finalTemp on semStatus.num_ordem_siebel_orig = finalTemp.num_ordem_siebel
where finalTemp.num_ordem_siebel = finalTemp.o_num_ordem_siebel_orig) sub 
where sub.o_linha = 1
]]></value>
</property>



     <property>
<name>subset-dw_r_conv_map_vendas_final_ext_tmp_orig_tmp_t_final</name>
<value><![CDATA[
create temporary table dw_r_conv_map_vendas_final_ext_tmp_orig_tmp_t_final_adhoc stored as ORC
as
select 
final.num_ordem_siebel,
coalesce(atual.o_num_ordem_siebel_orig, final.o_num_ordem_siebel_orig) o_num_ordem_siebel_orig,
coalesce(atual.o_data_venda, final.o_data_venda) o_data_venda,
coalesce(atual.o_login_vendedor, final.o_login_vendedor) o_login_vendedor,
coalesce(atual.o_canal_venda, final.o_canal_venda) o_canal_venda,
coalesce(atual.o_cnpj_parceiro_venda, final.o_cnpj_parceiro_venda) o_cnpj_parceiro_venda,
coalesce(atual.o_custcode_pdv, final.o_custcode_pdv) o_custcode_pdv,
coalesce(atual.o_nome_parceiro_venda, final.o_nome_parceiro_venda) o_nome_parceiro_venda
from dw_r_conv_map_vendas_final_ext_tmp_orig_tmp_t_adhoc final
left join dw_d_p609_siebel_bat509_order_60dias_orig_itemb_sim_sem_status_tmp_ordem_mais_atual_adhoc atual on final.num_ordem_siebel = atual.num_ordem_siebel

]]></value>
</property>


     <property>
<name>subset-dw_r_conv_map_vendas_final_ext_tmp_orig_tmp_t_final_ordem_sibel_sem_orig</name>
<value><![CDATA[
create temporary table dw_r_conv_map_vendas_final_ext_tmp_orig_tmp_t_final_ordem_sibel_sem_orig_adhoc stored as ORC
as
select 
final.num_ordem_siebel,
coalesce(atual.o_num_ordem_siebel_orig, final.o_num_ordem_siebel_orig) o_num_ordem_siebel_orig,
coalesce(atual.o_data_venda, final.o_data_venda) o_data_venda,
coalesce(atual.o_login_vendedor, final.o_login_vendedor) o_login_vendedor,
coalesce(atual.o_canal_venda, final.o_canal_venda) o_canal_venda,
coalesce(atual.o_cnpj_parceiro_venda, final.o_cnpj_parceiro_venda) o_cnpj_parceiro_venda,
coalesce(atual.o_custcode_pdv, final.o_custcode_pdv) o_custcode_pdv,
coalesce(atual.o_nome_parceiro_venda, final.o_nome_parceiro_venda) o_nome_parceiro_venda
from dw_r_conv_map_vendas_final_ext_tmp_orig_tmp_t_final_adhoc final
left join dw_d_p609_siebel_bat509_order_60dias_orig_itemb_sim_sem_status_tmp_ordem_mais_atual_bruta_adhoc atual on final.num_ordem_siebel = atual.num_ordem_siebel

]]></value>
</property>



     <property>
<name>subset-dw_r_conv_map_vendas_final_ext_tmp_orig_tmp_t_final_ordem_sibel</name>
<value><![CDATA[
create temporary table dw_r_conv_map_vendas_final_ext_tmp_orig_tmp_t_final_ordem_sibel_adhoc stored as ORC
as 
select * from (
select
ord.num_ordem_siebel,
ord.o_num_ordem_siebel_orig,
concat(orig.dat_venda, ' ', orig.hora_da_venda) o_data_venda,
orig.login_vendedor o_login_vendedor,
orig.canal o_canal_venda,
orig.cnpj_parceiro o_cnpj_parceiro_venda,
orig.custcode o_custcode_pdv,
orig.nome_parceiro_venda o_nome_parceiro_venda,
row_number() over (partition by ord.num_ordem_siebel order by orig.datref  desc) o_linha
from dw_r_conv_map_vendas_final_ext_tmp_orig_tmp_t_final_ordem_sibel_sem_orig_adhoc ord 
left join ${external-table} orig on ord.o_num_ordem_siebel_orig = orig.num_ordem_siebel) sub
where sub.o_linha = 1
]]></value>
</property>



     <property>
<name>subset-dw_d_mapas_vendas_num_ordem_siebel</name>
<value><![CDATA[
create temporary table dw_d_mapas_vendas_num_ordem_siebel_adhoc stored as ORC
AS
select 
ordem.datref, 
ordem.dat_criacao_ordem,    
ordem.hora_criacao_da_ordem, 
ordem.dat_venda, 
ordem.hora_da_venda,
ordem.dat_status_ordem,
ordem.hr_status_ordem, 
ordem.num_ordem_siebel,
case when ordem.dat_venda != '' then tmp.o_num_ordem_siebel_orig else '' end as num_ordem_siebel_orig, 
ordem.cod_contrato_oltp,  
ordem.cod_contrato_ativacao, 
ordem.numero_acesso,
ordem.customer_id,  
ordem.tipo_documento,  
ordem.documento, 
ordem.tipo_venda,
ordem.tipo_produto, 
ordem.velocidade_download,
ordem.velocidade_upload,  
ordem.plano_ativacao_oferta, 
ordem.login_vendedor,  
ordem.canal,  
ordem.cnpj_parceiro,
ordem.custcode,  
ordem.position,  
ordem.flg_canc_antes_venda,  
ordem.flg_canc_pos_venda, 
ordem.dt_canc_venda,
ordem.motivo_cancelamento,
ordem.nome_cliente, 
ordem.telefone,  
ordem.email_fatura, 
ordem.uf,  
ordem.tipo_logradouro, 
ordem.logradouro,
ordem.numero, 
ordem.complemento,  
ordem.bairro, 
ordem.cep, 
ordem.cidade, 
ordem.status_ordem, 
ordem.tecnologia,
ordem.forma_pagamento, 
ordem.tipo_conta,
ordem.cod_banco, 
ordem.cod_agengia_bco, 
ordem.cod_conta_corrente, 
ordem.cod_debito_automatico, 
ordem.dia_vencimento,  
ordem.semana_venda, 
ordem.score,  
ordem.score_consumido, 
ordem.dt_finalizacao_ordem,  
ordem.qde_contratos,
ordem.num_protocolo,
ordem.flg_ordem_automatica,  
ordem.dsc_tx_recorrente,  
ordem.dsc_tx_nao_recorrente, 
ordem.dsc_status_item, 
ordem.nom_login_responsavel, 
ordem.flg_portabilidade,  
ordem.dsc_operadora_doadora, 
ordem.cod_ddd,
ordem.num_telefone_portado,  
ordem.dat_janela_portabilidade, 
ordem.hora_da_janela,  
ordem.dsc_endereco_fatura,
ordem.dsc_area_voip,
ordem.cpe, 
ordem.ont, 
ordem.codigo_convergente, 
ordem.detalhe_recusa_crivo,  
ordem.item_root, 
ordem.login_cancelamento_ordem, 
ordem.custcode_cliente,
ordem.dominio_root, 
ordem.cod_cont_financeira,
ordem.val_plano_atual_item,  
ordem.nom_desconto_atual_item,  
ordem.val_desconto_atual_item,  
ordem.nro_ordem, 
ordem.acesso_row_id,
ordem.acesso_row_id_root, 
ordem.codigo_produto,  
ordem.flg_venda_submetida,
ordem.flg_venda_duplicada,--ordem.flg_venda_duplicada,
ordem.flg_venda_bruta, 
ordem.flg_venda_liquida,  
ordem.flg_canc_dupl,
ordem.flg_canc_liquido,
ordem.nome_parceiro_venda,
ordem.nome_parceiro_venda_orig, 
ordem.row_id_item_ordem,  
ordem.row_id_item_ordem_pai, 
ordem.categoria_item_order,  
ordem.msan_olt_venda,  
ordem.dt_conclusao_wfm,
ordem.dsc_status_ordem_wfm,  
ordem.dat_status_wfm,  
ordem.hora_status_wfm, 
ordem.id_recurso_wfm,  
ordem.nom_recurso_wfm, 
ordem.id_recurso_pai_wfm, 
ordem.dat_primeiro_agend, 
ordem.hora_primeiro_agendamento,
ordem.dat_agend_atual, 
ordem.hora_agendamento_atual,
ordem.dsc_status_ativacao,
ordem.msan_olt_trafego,
ordem.dat_venda_orig,--ordem.dat_venda_orig,  
ordem.hora_venda_orig,--ordem.hora_venda_orig, 
ordem.login_vendedor_orig,--ordem.login_vendedor_orig ,
ordem.canal_orig,--ordem.canal_orig,
ordem.cnpj_parceiro_orig,--ordem.cnpj_parceiro_orig, 
ordem.custcode_orig,--ordem.custcode_orig,
ordem.position_orig,--ordem.position_orig,
ordem.semana_venda_orig, --ordem.semana_venda_orig,  
ordem.cod_contrato_atual, 
ordem.nom_plano_atual, 
ordem.nome_vendedor_orig, 
ordem.fl_venda_duplicada,--ordem.fl_venda_duplicada, 
ordem.fl_gross,  
ordem.dt_gross,  
ordem.fl_churn,  
ordem.dt_churn,  
ordem.motivo_churn, 
ordem.cod_ordem_churn, 
ordem.tipo_churn,
ordem.dt_criacao_ordem_churn,
ordem.dt_conclusao_ordem_churn, 
ordem.nome_vendedor,
ordem.nome_usuario_canc_ordem,  
ordem.email_cliente
from 
${external-table} ordem
left join 
dw_r_conv_map_vendas_final_ext_tmp_orig_tmp_t_final_ordem_sibel_adhoc tmp on ordem.num_ordem_siebel = tmp.Num_Ordem_Siebel
]]></value>
</property>


     <property>
<name>subset-dw_d_mapas_vendas_num_siebel_orig</name>
<value><![CDATA[
create temporary table dw_d_mapas_vendas_num_siebel_orig_adhoc stored as ORC
AS
select 
ordem.datref, 
ordem.dat_criacao_ordem,    
ordem.hora_criacao_da_ordem, 
ordem.dat_venda, 
ordem.hora_da_venda,
ordem.dat_status_ordem,
ordem.hr_status_ordem, 
ordem.num_ordem_siebel,
ordem.num_ordem_siebel_orig, 
ordem.cod_contrato_oltp,  
ordem.cod_contrato_ativacao, 
ordem.numero_acesso,
ordem.customer_id,  
ordem.tipo_documento,  
ordem.documento, 
ordem.tipo_venda,
ordem.tipo_produto, 
ordem.velocidade_download,
ordem.velocidade_upload,  
ordem.plano_ativacao_oferta, 
ordem.login_vendedor,  
ordem.canal,  
ordem.cnpj_parceiro,
ordem.custcode,  
ordem.position,  
ordem.flg_canc_antes_venda,  
ordem.flg_canc_pos_venda, 
ordem.dt_canc_venda,
ordem.motivo_cancelamento,
ordem.nome_cliente, 
ordem.telefone,  
ordem.email_fatura, 
ordem.uf,  
ordem.tipo_logradouro, 
ordem.logradouro,
ordem.numero, 
ordem.complemento,  
ordem.bairro, 
ordem.cep, 
ordem.cidade, 
ordem.status_ordem, 
ordem.tecnologia,
ordem.forma_pagamento, 
ordem.tipo_conta,
ordem.cod_banco, 
ordem.cod_agengia_bco, 
ordem.cod_conta_corrente, 
ordem.cod_debito_automatico, 
ordem.dia_vencimento,  
ordem.semana_venda, 
ordem.score,  
ordem.score_consumido, 
ordem.dt_finalizacao_ordem,  
ordem.qde_contratos,
ordem.num_protocolo,
ordem.flg_ordem_automatica,  
ordem.dsc_tx_recorrente,  
ordem.dsc_tx_nao_recorrente, 
ordem.dsc_status_item, 
ordem.nom_login_responsavel, 
ordem.flg_portabilidade,  
ordem.dsc_operadora_doadora, 
ordem.cod_ddd,
ordem.num_telefone_portado,  
ordem.dat_janela_portabilidade, 
ordem.hora_da_janela,  
ordem.dsc_endereco_fatura,
ordem.dsc_area_voip,
ordem.cpe, 
ordem.ont, 
ordem.codigo_convergente, 
ordem.detalhe_recusa_crivo,  
ordem.item_root, 
ordem.login_cancelamento_ordem, 
ordem.custcode_cliente,
ordem.dominio_root, 
ordem.cod_cont_financeira,
ordem.val_plano_atual_item,  
ordem.nom_desconto_atual_item,  
ordem.val_desconto_atual_item,  
ordem.nro_ordem, 
ordem.acesso_row_id,
ordem.acesso_row_id_root, 
ordem.codigo_produto,  
ordem.flg_venda_submetida,
case when ordem.num_ordem_siebel_orig = ordem.num_ordem_siebel then '0' when ordem.dat_venda='' then '0' else '1' end flg_venda_duplicada,--ordem.flg_venda_duplicada,
case when ordem.num_ordem_siebel_orig = ordem.num_ordem_siebel then 1 else 0 end flg_venda_bruta, 
ordem.flg_venda_liquida,  
ordem.flg_canc_dupl,
ordem.flg_canc_liquido,
ordem.nome_parceiro_venda,
ordem.nome_parceiro_venda_orig, 
ordem.row_id_item_ordem,  
ordem.row_id_item_ordem_pai, 
ordem.categoria_item_order,  
ordem.msan_olt_venda,  
ordem.dt_conclusao_wfm,
ordem.dsc_status_ordem_wfm,  
ordem.dat_status_wfm,  
ordem.hora_status_wfm, 
ordem.id_recurso_wfm,  
ordem.nom_recurso_wfm, 
ordem.id_recurso_pai_wfm, 
ordem.dat_primeiro_agend, 
ordem.hora_primeiro_agendamento,
ordem.dat_agend_atual, 
ordem.hora_agendamento_atual,
ordem.dsc_status_ativacao,
ordem.msan_olt_trafego,
case when ordem.num_ordem_siebel_orig = ordem.num_ordem_siebel then ordem.dat_venda else from_unixtime(unix_timestamp(tmp.o_data_venda, 'MM/dd/yyyy HH:mm:ss'), 'MM/dd/yyyy') end dat_venda_orig,--ordem.dat_venda_orig,  
case when ordem.num_ordem_siebel_orig = ordem.num_ordem_siebel then ordem.hora_da_venda else from_unixtime(unix_timestamp(tmp.o_data_venda, 'MM/dd/yyyy HH:mm:ss'), 'HH:mm:ss') end hora_venda_orig,--ordem.hora_venda_orig, 
case when ordem.num_ordem_siebel_orig = ordem.num_ordem_siebel then ordem.login_vendedor else tmp.o_login_vendedor end login_vendedor_orig,--ordem.login_vendedor_orig ,
case when ordem.num_ordem_siebel_orig = ordem.num_ordem_siebel then ordem.canal else tmp.o_canal_venda end canal_orig,--ordem.canal_orig,
case when ordem.num_ordem_siebel_orig = ordem.num_ordem_siebel then ordem.cnpj_parceiro else tmp.o_cnpj_parceiro_venda end cnpj_parceiro_orig,--ordem.cnpj_parceiro_orig, 
case when ordem.num_ordem_siebel_orig = ordem.num_ordem_siebel then ordem.custcode else tmp.o_custcode_pdv end custcode_orig,--ordem.custcode_orig,
case when ordem.num_ordem_siebel_orig = ordem.num_ordem_siebel then ordem.position else tmp.o_nome_parceiro_venda end position_orig,--ordem.position_orig,
case when ordem.num_ordem_siebel_orig = ordem.num_ordem_siebel then concat(lpad(weekofyear(from_unixtime(unix_timestamp(ordem.dat_venda, 'MM/dd/yyyy'), 'yyyy-MM-dd')), 2, '0'), '-', from_unixtime(unix_timestamp(ordem.dat_venda, 'MM/dd/yyyy'), 'yy')) else concat(lpad(weekofyear(from_unixtime(unix_timestamp(tmp.o_data_venda, 'MM/dd/yyyy'), 'yyyy-MM-dd')), 2, '0'), '-', from_unixtime(unix_timestamp(tmp.o_data_venda, 'MM/dd/yyyy'), 'yy')) end as semana_venda_orig, --ordem.semana_venda_orig,  
ordem.cod_contrato_atual, 
ordem.nom_plano_atual, 
ordem.nome_vendedor_orig, 
case when ordem.num_ordem_siebel_orig = ordem.num_ordem_siebel then '0' when ordem.dat_venda='' then '0' else '1' end fl_venda_duplicada,--ordem.fl_venda_duplicada, 
ordem.fl_gross,  
ordem.dt_gross,  
ordem.fl_churn,  
ordem.dt_churn,  
ordem.motivo_churn, 
ordem.cod_ordem_churn, 
ordem.tipo_churn,
ordem.dt_criacao_ordem_churn,
ordem.dt_conclusao_ordem_churn, 
ordem.nome_vendedor,
ordem.nome_usuario_canc_ordem,  
ordem.email_cliente
from 
dw_d_mapas_vendas_num_ordem_siebel_adhoc ordem
left join 
dw_r_conv_map_vendas_final_ext_tmp_orig_tmp_t_final_ordem_sibel_adhoc tmp on ordem.num_ordem_siebel = tmp.Num_Ordem_Siebel
]]></value>
</property>

     <property>
<name>subset-dw_r_conv_map_vendas_output_511_login_vendedor_max</name>
<value><![CDATA[
create temporary table dw_r_conv_map_vendas_output_511_login_vendedor_max_adhoc stored as ORC
as
select 
m.row_id_item_ordem, 
m.login_vendedor, 
bat511.id_do_usuario, 
bat511.nome
from dw_d_mapas_vendas_num_siebel_orig_adhoc m
left join tmp_dw_d_icc_bat511_login_pos bat511 on m.login_vendedor = bat511.id_do_usuario
]]></value>
</property>



     <property>
<name>subset-dw_r_conv_map_vendas_output_510_login_vendedor_max</name>
<value><![CDATA[
create temporary table dw_r_conv_map_vendas_output_510_login_vendedor_max_adhoc stored as ORC
as
select 
m.row_id_item_ordem, 
m.login_vendedor, 
bat510.login_vendedor as login_vendedor_bat510, 
bat510.nom_vendedor
from dw_d_mapas_vendas_num_siebel_orig_adhoc m
left join tmp_dw_f_bat510_cad_vend_sblpos bat510 on m.login_vendedor = bat510.login_vendedor]]></value>
</property>


     <property>
<name>subset-dw_r_conv_map_vendas_output_511_login_vendedor_original_max</name>
<value><![CDATA[
create temporary table dw_r_conv_map_vendas_output_511_login_vendedor_original_max_adhoc stored as ORC
as
select 
m.row_id_item_ordem, 
m.login_vendedor_orig, 
bat511.id_do_usuario, 
bat511.nome
from dw_d_mapas_vendas_num_siebel_orig_adhoc m
left join tmp_dw_d_icc_bat511_login_pos bat511 on m.login_vendedor_orig = bat511.id_do_usuario]]></value>
</property>



     <property>
<name>subset-dw_r_conv_map_vendas_output_510_login_vendedor_original_max</name>
<value><![CDATA[
create temporary table dw_r_conv_map_vendas_output_510_login_vendedor_original_max_adhoc stored as ORC
as
select 
m.row_id_item_ordem, 
m.login_vendedor_orig, 
bat510.login_vendedor as login_vendedor_bat510, 
bat510.nom_vendedor
from dw_d_mapas_vendas_num_siebel_orig_adhoc m
left join tmp_dw_f_bat510_cad_vend_sblpos bat510 on m.login_vendedor_orig = bat510.login_vendedor]]></value>
</property>


     <property>
<name>subset-dw_r_conv_map_vendas_output_511_login_cancelamento_max</name>
<value><![CDATA[
create temporary table dw_r_conv_map_vendas_output_511_login_cancelamento_max_adhoc stored as ORC
as
select 
m.row_id_item_ordem, 
m.login_vendedor, 
bat511.id_do_usuario, 
bat511.nome
from dw_d_mapas_vendas_num_siebel_orig_adhoc m
left join tmp_dw_d_icc_bat511_login_pos bat511 on m.login_cancelamento_ordem = bat511.id_do_usuario]]></value>
</property>


     <property>
<name>subset-dw_r_conv_map_vendas_output_510_login_cancelamento_max</name>
<value><![CDATA[
create temporary table dw_r_conv_map_vendas_output_510_login_cancelamento_max_adhoc stored as ORC
as
select 
m.row_id_item_ordem, 
m.login_vendedor, 
bat510.login_vendedor as login_vendedor_bat510, 
bat510.nom_vendedor
from dw_d_mapas_vendas_num_siebel_orig_adhoc m
left join tmp_dw_f_bat510_cad_vend_sblpos bat510 on m.login_cancelamento_ordem = bat510.login_vendedor]]></value>
</property>


     <property>
<name>subset-overwritepath</name>
<value><![CDATA[
INSERT overwrite directory '${output-path}' ROW FORMAT DELIMITED FIELDS TERMINATED BY '|'
NULL DEFINED AS ''
STORED AS TEXTFILE
select 
orig.datref, 
orig.dat_criacao_ordem,  
orig.hora_criacao_da_ordem, 
orig.dat_venda, 
orig.hora_da_venda,
orig.dat_status_ordem,
orig.hr_status_ordem, 
orig.num_ordem_siebel,
orig.num_ordem_siebel_orig, 
orig.cod_contrato_oltp,  
orig.cod_contrato_ativacao, 
orig.numero_acesso,
orig.customer_id,  
orig.tipo_documento,  
orig.documento, 
orig.tipo_venda,
orig.tipo_produto, 
orig.velocidade_download,
orig.velocidade_upload,  
orig.plano_ativacao_oferta, 
orig.login_vendedor,  
orig.canal,  
orig.cnpj_parceiro,
orig.custcode,  
orig.position,  
orig.flg_canc_antes_venda,  
case when orig.dat_venda <> '' and orig.status_ordem = 'Cancelado' then '1' else '0' end, 
orig.dt_canc_venda,
orig.motivo_cancelamento,
orig.nome_cliente, 
orig.telefone,  
orig.email_fatura, 
orig.uf,  
orig.tipo_logradouro, 
orig.logradouro,
orig.numero, 
orig.complemento,  
orig.bairro, 
orig.cep, 
orig.cidade, 
orig.status_ordem, 
orig.tecnologia,
orig.forma_pagamento, 
orig.tipo_conta,
orig.cod_banco, 
orig.cod_agengia_bco, 
orig.cod_conta_corrente, 
orig.cod_debito_automatico, 
orig.dia_vencimento,  
orig.semana_venda, 
orig.score,  
orig.score_consumido, 
orig.dt_finalizacao_ordem,  
orig.qde_contratos,
orig.num_protocolo,
orig.flg_ordem_automatica,  
orig.dsc_tx_recorrente,  
orig.dsc_tx_nao_recorrente, 
orig.dsc_status_item, 
orig.nom_login_responsavel, 
orig.flg_portabilidade,  
orig.dsc_operadora_doadora, 
orig.cod_ddd,
orig.num_telefone_portado,  
orig.dat_janela_portabilidade, 
orig.hora_da_janela,  
orig.dsc_endereco_fatura,
orig.dsc_area_voip,
orig.cpe, 
orig.ont, 
orig.codigo_convergente, 
orig.detalhe_recusa_crivo,  
orig.item_root, 
orig.login_cancelamento_ordem, 
orig.custcode_cliente,
orig.dominio_root, 
orig.cod_cont_financeira,
orig.val_plano_atual_item,  
orig.nom_desconto_atual_item,  
orig.val_desconto_atual_item,  
orig.nro_ordem, 
orig.acesso_row_id,
orig.acesso_row_id_root, 
orig.codigo_produto,  
orig.flg_venda_submetida,
orig.flg_venda_duplicada,
orig.flg_venda_bruta, 
orig.flg_venda_liquida,  
orig.flg_canc_dupl,
orig.flg_canc_liquido,
orig.nome_parceiro_venda,
orig.nome_parceiro_venda_orig, 
orig.row_id_item_ordem,  
orig.row_id_item_ordem_pai, 
orig.categoria_item_order,  
orig.msan_olt_venda,  
orig.dt_conclusao_wfm,
orig.dsc_status_ordem_wfm,  
orig.dat_status_wfm,  
orig.hora_status_wfm, 
orig.id_recurso_wfm,  
orig.nom_recurso_wfm, 
orig.id_recurso_pai_wfm, 
orig.dat_primeiro_agend, 
orig.hora_primeiro_agendamento,
orig.dat_agend_atual, 
orig.hora_agendamento_atual,
orig.dsc_status_ativacao,
orig.msan_olt_trafego,
orig.dat_venda_orig, 
orig.hora_venda_orig, 
orig.login_vendedor_orig,
orig.canal_orig,
orig.cnpj_parceiro_orig,
orig.custcode_orig,
orig.position_orig,
orig.semana_venda_orig,
orig.cod_contrato_atual, 
orig.nom_plano_atual, 
coalesce(511_login_vendedor_original_max.nome, 510_login_vendedor_original_max.nom_vendedor) nome_vendedor_orig, 
orig.fl_venda_duplicada,
orig.fl_gross,  
orig.dt_gross,  
orig.fl_churn,  
orig.dt_churn,  
orig.motivo_churn, 
orig.cod_ordem_churn, 
orig.tipo_churn,
orig.dt_criacao_ordem_churn,
orig.dt_conclusao_ordem_churn, 
coalesce(511_login_vendedor_max.nome, 510_login_vendedor_max.nom_vendedor) nome_vendedor,
coalesce(511_login_cancelamento_max.nome, 510_login_cancelamento_max.nom_vendedor) nome_usuario_canc_ordem,  
orig.email_cliente
from dw_d_mapas_vendas_num_siebel_orig_adhoc orig 
left join dw_r_conv_map_vendas_output_511_login_vendedor_max_adhoc 511_login_vendedor_max on orig.row_id_item_ordem = 511_login_vendedor_max.row_id_item_ordem 
left join dw_r_conv_map_vendas_output_510_login_vendedor_max_adhoc 510_login_vendedor_max on orig.row_id_item_ordem = 510_login_vendedor_max.row_id_item_ordem 
left join dw_r_conv_map_vendas_output_511_login_vendedor_original_max_adhoc 511_login_vendedor_original_max  on orig.row_id_item_ordem = 511_login_vendedor_original_max.row_id_item_ordem 
left join dw_r_conv_map_vendas_output_510_login_vendedor_original_max_adhoc 510_login_vendedor_original_max on orig.row_id_item_ordem = 510_login_vendedor_original_max.row_id_item_ordem 
left join dw_r_conv_map_vendas_output_511_login_cancelamento_max_adhoc 511_login_cancelamento_max on orig.row_id_item_ordem = 511_login_cancelamento_max.row_id_item_ordem 
left join dw_r_conv_map_vendas_output_510_login_cancelamento_max_adhoc 510_login_cancelamento_max on orig.row_id_item_ordem = 510_login_cancelamento_max.row_id_item_ordem 

]]></value>
</property>

<!-- tunning -->
    
    <property>
        <name>hiveingestion.hive.vectorized.execution.enabled</name>
        <value>true</value>
    </property>
 
    <property>
        <name>hiveingestion.hive.exec.reducers.bytes.per.reducer</name>
        <value>134217728</value>
    </property> 

    <property>
        <name>hiveingestion.hive.tez.container.size</name>
        <value>6122</value>
    </property>

    <property>
        <name>hiveingestion.hive.tez.java.opts</name>
        <value>-server -Djava.net.preferIPv4Stack=true -XX:NewRatio=8 -XX:+UseNUMA -XX:+UseG1GC -XX:+ResizeTLAB -XX:+PrintGCDetails -verbose:gc -XX:+PrintGCTimeStamps -Xmx4592m</value>
    </property>
	
    <property>
        <name>hiveingestion.tez.runtime.io.sort.mb</name>
        <value>2048</value>
    </property>

    <property>
        <name>hiveingestion.hive.vectorized.execution.reduce.enabled</name>
        <value>true</value>
    </property>
	
	<property>
        <name>hiveingestion.hive.vectorized.execution.reduce.groupby.enabled</name>
        <value>true</value>
    </property>

    <property>
        <name>hiveingestion.hive.exec.parallel</name>
        <value>true</value>
    </property>

    <property>
        <name>hiveingestion.hive.exec.parallel.thread.number</name>
        <value>16</value>
    </property>

	<property>
        <name>hiveingestion.hive.auto.convert.join</name>
        <value>true</value>
    </property>

</configuration>
