<?xml version="1.0" encoding="UTF-8"?>
<configuration>

    <property>
        <name>managed-table</name>
        <value>reports.dw_r_conv_map_vendas_historico</value>
    </property>
    
    <property>
        <name>external-table</name>
        <value>ext.dw_r_conv_map_vendas_output_step2</value>
    </property>

    <property>
        <name>root-path</name>
        <value>work</value>
    </property>

    <property>
        <name>process-id</name>
        <value>MAPA</value>
        <description>Processo para geração de relatório intraday de recarga detalhada.</description>
    </property>

    <property>
        <name>hive-name-querys</name>
        <value> subset-filter-order,
				subset-filho,
				subset-neto,
				join-calc-taxas,
				subset-pai,
				subset-prod-sblpos-max,
				subset-siebel-bat223-max,
				subset-bat230-max,
				subset-output-step3,
				subset-contratado-pos-max,
				subset-output-step4,
				subset-output-step5-pre,
				subset-output-step5,
				subset-output-step6,
				subset-nome-vendedor,
				subset-output-final-step2</value>
        <description>Poderá ser adicionada uma ou mais querys</description>
    </property>
        
    <property>
		<name>context-class</name>
		<value>br.com.tim.hive.HiveContextHdp</value>
	</property>
	
	 <property>
        <name>hiveingestion.tez.queue.name</name>
        <value>etl_med</value>
    </property>
    
    <property>
    	<name>PARAM_DATE_REF</name>
    	<value></value>
    </property>
	
	<property>
        <name>output-path</name>
        <value>${environment}/${root-path}/convergencia/mapas_vendas/e2e/agregado_step2/</value>
    </property>
    
    <property>
        <name>hiveingestion.hive.enforce.bucketing</name>
        <value>true</value>
    </property>
    
    <property>
        <name>hiveingestion.hive.exec.compress.output</name>
        <value>false</value>
    </property>
    
    <!-- filtro para ordens com data de criação superior a 2020-02-16 -->
    
    <property>
        <name>subset-filter-order</name>
        <value><![CDATA[
            create temporary table dw_r_conv_map_vendas_output_step2 stored as ORC
						as
						  SELECT * from ${external-table} m
              where from_unixtime(unix_timestamp(m.dat_criacao_ordem, 'MM/dd/yyyy'), 'yyyy-MM-dd') >= '2020-02-16'
        ]]></value>
    </property>
    
    <!-- identificação de valores de tx recorrente e não recorrente para os filhos dos itens-->

    <property>
        <name>subset-filho</name>
        <value><![CDATA[
                        create temporary table dw_d_sibel_bat509_item_fiho stored as ORC
						as
						  SELECT m.row_id_item_ordem
							 ,regexp_replace(i.taxa_recorrente, ',', '.') AS taxa_recorrente
							 ,regexp_replace(i.taxa_nao_recorrente, ',', '.') AS taxa_nao_recorrente
						FROM dw_r_conv_map_vendas_output_step2 m
						LEFT JOIN aux.dw_d_p609_siebel_bat509_itens i ON (
						 	 m.row_id_item_ordem = i.row_id_do_item_de_ordem_pai
						  )
						WHERE m.dat_ref = '${PARAM_DATE_REF}' and i.dat_ref >= from_unixtime(unix_timestamp(m.dat_criacao_ordem, 'MM/dd/yyyy'), 'yyyyMMdd')
        ]]></value>
    </property>
    
    <!-- identificação de valores de tx recorrente e não recorrente para os netos dos itens-->
    <property>
        <name>subset-neto</name>
        <value><![CDATA[
                        create temporary table dw_d_sibel_bat509_item_neto stored as ORC
						as 
						SELECT m.row_id_item_ordem
						 ,regexp_replace(it.taxa_recorrente, ',', '.') AS taxa_recorrente
						 ,regexp_replace(it.taxa_nao_recorrente, ',', '.') AS taxa_nao_recorrente
						FROM dw_r_conv_map_vendas_output_step2 m
						LEFT JOIN aux.dw_d_p609_siebel_bat509_itens i ON (
						  m.row_id_item_ordem = i.row_id_do_item_de_ordem_pai
						  )
						LEFT JOIN aux.dw_d_p609_siebel_bat509_itens it ON (
						  i.row_id_do_item_de_ordem = it.row_id_do_item_de_ordem_pai
						  )
						WHERE m.dat_ref = '${PARAM_DATE_REF}'
						 AND it.dat_ref >= from_unixtime(unix_timestamp(m.dat_criacao_ordem, 'MM/dd/yyyy'), 'yyyyMMdd')
    	]]></value>
    </property>
    
    <!-- soma de vlr de tx recorrente e não recorrente para os itens pais, filhos e netos  -->
    
    <property>
        <name>join-calc-taxas</name>
        <value><![CDATA[
                        create temporary table dw_d_sibel_bat509_item_agregado stored as ORC
						as 
						SELECT a.row_id_item_ordem
						    ,sum(a.taxa_recorrente) as dsc_tx_recorrente
						    ,sum(a.taxa_nao_recorrente) as dsc_tx_nao_recorrente
					    FROM (
              select 
                  row_id_item_ordem,
                  regexp_replace(dsc_tx_recorrente, ',', '.') AS taxa_recorrente,
                  regexp_replace(dsc_tx_nao_recorrente, ',', '.') AS taxa_nao_recorrente
              from dw_r_conv_map_vendas_output_step2
              union all
							select row_id_item_ordem
					        ,taxa_recorrente
					        ,taxa_nao_recorrente
							from dw_d_sibel_bat509_item_fiho
							union all 
							select row_id_item_ordem
					        ,taxa_recorrente
					        ,taxa_nao_recorrente from dw_d_sibel_bat509_item_neto) a
						GROUP BY a.row_id_item_ordem]]></value>
    </property>
    
  <!-- join para adição das tx recorrentes e não recorrentes do item pai -->
  
    <property>
        <name>subset-pai</name>
        <value><![CDATA[create temporary table dw_d_sibel_bat509_item_pai stored as ORC
as 
SELECT step2.dat_ref,
    step2.dat_criacao_ordem,
    step2.hora_criacao_da_ordem,
    step2.dat_venda,
    step2.hora_da_venda,
    step2.dat_status_ordem,
    step2.hr_status_ordem,
    step2.num_ordem_siebel,
    step2.cod_contrato_oltp,
    step2.cod_contrato_ativacao,
    step2.numero_acesso,
    step2.customer_id,
    step2.tipo_documento,
    step2.documento,
    step2.tipo_venda,
    step2.tipo_produto,
    step2.plano_ativacao_oferta,
    step2.login_vendedor,
    step2.canal,
    step2.cnpj_parceiro,
    step2.custcode,
    step2.position,
    step2.flg_canc_antes_venda,
    step2.flg_canc_pos_venda,
    step2.dt_canc_venda,
    step2.motivo_cancelamento,
    step2.nome_cliente,
    step2.telefone,
    step2.email_fatura,
    step2.uf,
    step2.tipo_logradouro,
    step2.logradouro,
    step2.numero,
    step2.complemento,
    step2.bairro,
    step2.cep,
    step2.cidade,
    step2.status_ordem,
    step2.tecnologia,
    step2.forma_pagamento,
    step2.tipo_conta,
    step2.cod_banco,
    step2.cod_agengia_bco,
    step2.cod_conta_corrente,
    step2.cod_debito_automatico,
    step2.dia_vencimento,
    step2.semana_venda,
    step2.score,
    step2.score_consumido,
    step2.dt_finalizacao_ordem,
    step2.qde_contratos,
    step2.num_protocolo,
    step2.flg_ordem_automatica,
    coalesce(i.dsc_tx_recorrente, '0.0') as dsc_tx_recorrente,
    coalesce(i.dsc_tx_nao_recorrente, '0.0') as dsc_tx_nao_recorrente,
    step2.dsc_status_item,
    step2.nom_login_responsavel,
    step2.flg_portabilidade,
    step2.dsc_operadora_doadora,
    step2.cod_ddd,
    step2.num_telefone_portado,
    step2.dat_janela_portabilidade,
    step2.hora_da_janela,
    step2.dsc_endereco_fatura,
    step2.dsc_area_voip,
    step2.cpe,
    step2.ont,
    step2.detalhe_recusa_crivo,
    step2.item_root,
    step2.login_cancelamento_ordem,
    step2.dominio_root,
    step2.cod_cont_financeira,
    step2.nom_plano_atual,
    step2.val_plano_atual_item,
    step2.nom_desconto_atual_item,
    step2.val_desconto_atual_item,
    step2.nro_ordem,
    step2.acesso_row_id,
    step2.acesso_row_id_root,
    step2.codigo_produto,
    step2.dat_venda_orig,
    step2.hor_venda_orig,
    step2.num_ordem_siebel_orig,
    step2.login_vendedor_orig,
    step2.canal_orig,
    step2.cnpj_parceiro_orig,
    step2.custcode_orig,
    step2.position_orig,
    step2.flg_venda_submetida,
    step2.flg_venda_duplicada,
    step2.flg_venda_bruta,
    step2.flg_venda_liquida,
    step2.flg_canc_dupl,
    step2.flg_canc_liquido,
    step2.semana_venda_orig,
    step2.nome_parceiro_venda,
    step2.nome_parceiro_venda_orig,
    step2.row_id_item_ordem,
    step2.row_id_item_ordem_pai,
    step2.categoria_item_order,
    step2.msan_olt_venda,
    step2.dt_conclusao_wfm,
    step2.dsc_status_ordem_wfm,
    step2.dat_status_wfm,
    step2.hora_status_wfm,
    step2.id_recurso_wfm,
    step2.nom_recurso_wfm,
    step2.id_recurso_pai_wfm,
    step2.dat_primeiro_agend,
    step2.hora_primeiro_agendamento,
    step2.dat_agend_atual,
    step2.hora_agendamento_atual,
    step2.dsc_status_ativacao,
    step2.msan_olt_trafego
FROM
    dw_r_conv_map_vendas_output_step2 step2
LEFT JOIN
    dw_d_sibel_bat509_item_agregado i ON step2.row_id_item_ordem = i.row_id_item_ordem]]></value>
    </property>

<!-- identificação dos valores maximos da tabela de BAT513 -->

	<property>
		<name>subset-prod-sblpos-max</name>
		<value><![CDATA[

				create temporary table dw_f_bat513_ctlg_prod_sblpos_max stored as ORC
				AS
				SELECT bat513.*
			  FROM (SELECT id_siebel,
			               uf_vigencia,
			               velocidade_download,
			               velocidade_upload,
			               segmento,
			               nom_produto,
			               vlr_recorrente,
			               dat_ref,
			               ROW_NUMBER() OVER (PARTITION BY id_siebel, uf_vigencia, velocidade_download, velocidade_upload, segmento, nom_produto, vlr_recorrente ORDER BY dat_ref DESC) linha
			          FROM fact.dw_f_bat513_ctlg_prod_sblpos
			         WHERE dat_ref >= '${PARAM_DATE_REF}') bat513
			WHERE bat513.linha = 1
              ]]></value>
	</property>

<!-- identificação dos valores maximos da tabela de BAT223 -->

	<property>
		<name>subset-siebel-bat223-max</name>
		<value><![CDATA[

				create temporary table dw_d_p609_siebel_bat223_max stored as ORC
				AS
				SELECT bat223.*
				  FROM (SELECT row_id_acesso,
                       ide_promocao,
                       numero_contrato,
                       nome_plano,
                       msisdn,
                       dat_ref,
                       ROW_NUMBER() OVER (PARTITION BY row_id_acesso, ide_promocao, numero_contrato, nome_plano, msisdn ORDER BY dat_ref DESC) linha
				          FROM aux.dw_d_p609_siebel_bat223
				        WHERE dat_ref >= '${PARAM_DATE_REF}') bat223
				WHERE bat223.linha = 1

              ]]></value>
	</property>

<!-- identificação dos valores maximos da tabela de BAT230 -->

	<property>
		<name>subset-bat230-max</name>
		<value><![CDATA[

				create temporary table dw_d_p609_siebel_bat230_max stored as ORC
				AS
		        SELECT bat230.*
		          FROM (SELECT a.id_publico,
		                       a.custcode,
		                       a.dat_ref,
		                       ROW_NUMBER() OVER (PARTITION BY a.id_publico, a.custcode ORDER BY a.dat_ref DESC) linha
		                  FROM aux.dw_d_p609_siebel_bat230 a,
		                       (select min(from_unixtime(unix_timestamp(dat_criacao_ordem, 'MM/dd/yyyy'), 'yyyyMMdd')) min_dt
		                          from dw_d_sibel_bat509_item_pai) b
		                 WHERE a.dat_ref >= b.min_dt) bat230
		        WHERE bat230.linha = 1

              ]]></value>
	</property>


<!-- Join com as tabelas de BAT513, BAT 223 e BAT230 -->

	<property>
		<name>subset-output-step3</name>
		<value><![CDATA[

				create temporary table dw_r_conv_map_vendas_output_step3 stored as ORC
				as
				select *
  				from (select ord.dat_ref,
               ord.dat_criacao_ordem,
               ord.hora_criacao_da_ordem,
               ord.dat_venda,
               ord.hora_da_venda,
               ord.dat_status_ordem,
               ord.hr_status_ordem,
               ord.num_ordem_siebel,
               ord.cod_contrato_oltp,
               ord.cod_contrato_ativacao,
               ord.numero_acesso,
               ord.customer_id,
               ord.tipo_documento,
               ord.documento,
               ord.tipo_venda,
               ord.tipo_produto,
               coalesce(bat513.velocidade_download, bat513grp.velocidade_download) velocidade_download,
               coalesce(bat513.velocidade_upload, bat513grp.velocidade_upload) velocidade_upload,
               ord.plano_ativacao_oferta,
               ord.login_vendedor,
               ord.canal,
               ord.cnpj_parceiro,
               ord.custcode,
               ord.position,
               ord.flg_canc_antes_venda,
               ord.flg_canc_pos_venda,
               ord.dt_canc_venda,
               ord.motivo_cancelamento,
               ord.nome_cliente,
               ord.telefone,
               ord.email_fatura,
               ord.uf,
               ord.tipo_logradouro,
               ord.logradouro,
               ord.numero,
               ord.complemento,
               ord.bairro,
               ord.cep,
               ord.cidade,
               ord.status_ordem,
               ord.tecnologia,
               ord.forma_pagamento,
               ord.tipo_conta,
               ord.cod_banco,
               ord.cod_agengia_bco,
               ord.cod_conta_corrente,
               ord.cod_debito_automatico,
               ord.dia_vencimento,
               concat(lpad(weekofyear(from_unixtime(unix_timestamp(ord.dat_venda, 'MM/dd/yyyy'), 'yyyy-MM-dd')), 2, '0'), '-', from_unixtime(unix_timestamp(ord.dat_venda, 'MM/dd/yyyy'), 'yy')) semana_venda,
               ord.score,
               ord.score_consumido,
               ord.dt_finalizacao_ordem,
               ord.qde_contratos,
               ord.num_protocolo,
               ord.flg_ordem_automatica,
               ord.dsc_tx_recorrente,
               ord.dsc_tx_nao_recorrente,
               ord.dsc_status_item,
               ord.nom_login_responsavel,
               ord.flg_portabilidade,
               ord.dsc_operadora_doadora,
               ord.cod_ddd,
               ord.num_telefone_portado,
               ord.dat_janela_portabilidade,
               ord.hora_da_janela,
               ord.dsc_endereco_fatura,
               ord.dsc_area_voip,
               ord.cpe,
               ord.ont,
               bat223.ide_promocao codigo_convergente,
               ord.detalhe_recusa_crivo,
               ord.item_root,
               ord.login_cancelamento_ordem,
               bat230.custcode custcode_cliente,
               ord.dominio_root,
               ord.cod_cont_financeira,
               --ord.motivo_churn,
               --ord.tipo_churn,
               ord.nom_plano_atual,
               ord.val_plano_atual_item,
               ord.nom_desconto_atual_item,
               ord.val_desconto_atual_item,
               ord.nro_ordem,
               ord.acesso_row_id,
               ord.acesso_row_id_root,
               ord.codigo_produto,
               ord.dat_venda_orig,
               ord.hor_venda_orig,
               --ord.num_ordem_siebel_orig,
               ord.login_vendedor_orig,
               ord.canal_orig,
               ord.cnpj_parceiro_orig,
               ord.custcode_orig,
               ord.position_orig,
               ord.flg_venda_submetida,
               ord.flg_venda_duplicada,
               ord.flg_venda_bruta,
               ord.flg_venda_liquida,
               ord.flg_canc_dupl,
               ord.flg_canc_liquido,
               ord.semana_venda_orig,
               ord.nome_parceiro_venda,
               ord.nome_parceiro_venda_orig,
               ord.row_id_item_ordem,
               ord.row_id_item_ordem_pai,
               ord.categoria_item_order,
               ord.msan_olt_venda,
			   ord.dt_conclusao_wfm,
			   ord.dsc_status_ordem_wfm,
		       ord.dat_status_wfm,
			   ord.hora_status_wfm,
			   ord.id_recurso_wfm,
			   ord.nom_recurso_wfm,
			   ord.id_recurso_pai_wfm,
			   ord.dat_primeiro_agend,
			   ord.hora_primeiro_agendamento,
			   ord.dat_agend_atual,
			   ord.hora_agendamento_atual,
			   ord.dsc_status_ativacao,
			   ord.msan_olt_trafego,
               row_number() over (partition by ord.row_id_item_ordem,
                                               bat513.id_siebel,
                                               bat513.uf_vigencia,
                                               bat513grp.id_siebel,
                                               bat223.row_id_acesso,
                                               bat230.id_publico order by bat513.dat_ref desc,
                                                                          bat513grp.dat_ref desc,
                                                                          bat223.dat_ref desc,
                                                                          bat230.dat_ref desc) linha
          from dw_d_sibel_bat509_item_pai ord
               left join dw_f_bat513_ctlg_prod_sblpos_max bat513
                      on (ord.codigo_produto = bat513.id_siebel
                     and ord.uf = bat513.uf_vigencia)
               left join (select id_siebel, velocidade_download, velocidade_upload, dat_ref
                            from dw_f_bat513_ctlg_prod_sblpos_max                   
                           group by id_siebel, velocidade_download, velocidade_upload, dat_ref) bat513grp
                      on (ord.codigo_produto = bat513grp.id_siebel
                     and bat513.id_siebel is null)
               left join dw_d_p609_siebel_bat223_max bat223
                      on (ord.acesso_row_id = bat223.row_id_acesso)
               left join dw_d_p609_siebel_bat230_max bat230
                      on (ord.cod_cont_financeira = bat230.id_publico)) sub
 			where sub.linha = 1
              ]]></value>
	</property>


<!-- identificação dos valores maximos da tabela de BAT221 -->

	<property>
		<name>subset-contratado-pos-max</name>
		<value><![CDATA[

				create temporary table dw_f_bat221_prod_contratado_pos_max stored as ORC
				as
				select bat221.*
				  from (select cod_contrato_billing,
				               nom_comercial,
				               dat_ref,
				               ROW_NUMBER() OVER (PARTITION BY cod_contrato_billing, nom_comercial ORDER BY dat_ref DESC) linha
				          from fact.dw_f_bat221_prod_contratado_pos
				         where upper(dsc_categoria) like upper('%DESCONTO%')
				           and upper(dsc_status) like  upper('%ATIVO%')
				           and dat_ref >= '${PARAM_DATE_REF}') bat221
				WHERE bat221.linha = 1
              ]]></value>
	</property>
	
	
<!-- Join com as tabelas de BAT513 novamente e BAT 221 -->

	<property>
		<name>subset-output-step4</name>
		<value><![CDATA[

				create temporary table dw_r_conv_map_vendas_output_step4 stored as ORC
				as
				select step3.dat_ref,
				       step3.dat_criacao_ordem,
				       step3.hora_criacao_da_ordem,
				       step3.dat_venda,
				       step3.hora_da_venda,
				       step3.dat_status_ordem,
				       step3.hr_status_ordem,
				       step3.num_ordem_siebel,
				       '' num_ordem_siebel_orig,
				       step3.cod_contrato_oltp,
				       step3.cod_contrato_ativacao,
				       step3.numero_acesso,
				       step3.customer_id,
				       step3.tipo_documento,
				       step3.documento,
				       step3.tipo_venda,
				       step3.tipo_produto,
				       step3.velocidade_download,
				       step3.velocidade_upload,
				       step3.plano_ativacao_oferta,
				       step3.login_vendedor,
				       step3.canal,
				       step3.cnpj_parceiro,
				       step3.custcode,
				       step3.position,
				       step3.flg_canc_antes_venda,
				       step3.flg_canc_pos_venda,
				       step3.dt_canc_venda,
				       step3.motivo_cancelamento,
				       step3.nome_cliente,
				       step3.telefone,
				       step3.email_fatura,
				       step3.uf,
				       step3.tipo_logradouro,
				       step3.logradouro,
				       step3.numero,
				       step3.complemento,
				       step3.bairro,
				       step3.cep,
				       step3.cidade,
				       step3.status_ordem,
				       step3.tecnologia,
				       step3.forma_pagamento,
				       step3.tipo_conta,
				       step3.cod_banco,
				       step3.cod_agengia_bco,
				       step3.cod_conta_corrente,
				       step3.cod_debito_automatico,
				       step3.dia_vencimento,
				       step3.semana_venda,
				       step3.score,
				       step3.score_consumido,
				       step3.dt_finalizacao_ordem,
				       step3.qde_contratos,
				       step3.num_protocolo,
				       step3.flg_ordem_automatica,
				       step3.dsc_tx_recorrente,
				       step3.dsc_tx_nao_recorrente,
				       step3.dsc_status_item,
				       step3.nom_login_responsavel,
				       step3.flg_portabilidade,
				       step3.dsc_operadora_doadora,
				       step3.cod_ddd,
				       step3.num_telefone_portado,
				       step3.dat_janela_portabilidade,
				       step3.hora_da_janela,
				       step3.dsc_endereco_fatura,
				       step3.dsc_area_voip,
				       step3.cpe,
				       step3.ont,
				       step3.codigo_convergente,
				       step3.detalhe_recusa_crivo,
				       step3.item_root,
				       step3.login_cancelamento_ordem,
				       step3.custcode_cliente,
				       step3.dominio_root,
				       step3.cod_cont_financeira,
				       --step3.motivo_churn,
				       --step3.tipo_churn,
				       step3.nom_plano_atual,
				       step3.val_plano_atual_item,
				       case when step3.status_ordem in ('Concluído', 'Pendente Portabilidade') then
				         concat_ws("\\", collect_set(bat221.nom_comercial))
				       end nom_desconto_atual_item,
				       case when step3.status_ordem in ('Concluído', 'Pendente Portabilidade') then
				         concat_ws("\\", collect_set(coalesce(coalesce(coalesce(bat513.vlr_recorrente, bat513grp1.vlr_recorrente), bat513grp2.vlr_recorrente), bat513grp3.vlr_recorrente)))
				       end val_desconto_atual_item,
				       step3.nro_ordem,
				       step3.acesso_row_id,
				       step3.acesso_row_id_root,
				       step3.codigo_produto,
				       step3.flg_venda_submetida,
				       step3.flg_venda_duplicada,
				       '' flg_venda_bruta,
				       step3.flg_venda_liquida,
				       step3.flg_canc_dupl,
				       step3.flg_canc_liquido,
				       step3.nome_parceiro_venda,
				       step3.nome_parceiro_venda_orig,
				       step3.row_id_item_ordem,
				       step3.row_id_item_ordem_pai,
				       step3.categoria_item_order,
				       step3.msan_olt_venda,
					   step3.dt_conclusao_wfm,
					   step3.dsc_status_ordem_wfm,
					   step3.dat_status_wfm,
					   step3.hora_status_wfm,
				       step3.id_recurso_wfm,
					   step3.nom_recurso_wfm,
					   step3.id_recurso_pai_wfm,
					   step3.dat_primeiro_agend,
					   step3.hora_primeiro_agendamento,
					   step3.dat_agend_atual,
					   step3.hora_agendamento_atual,
					   step3.dsc_status_ativacao,
					   step3.msan_olt_trafego,
				       '' dat_venda_orig,
		       		   '' hora_venda_orig,
		       		   '' login_vendedor_orig,
		       		   '' canal_orig,
		       		   '' cnpj_parceiro_orig,
		       		   '' custcode_orig,
		       		   '' position_orig,
		       		   '' semana_venda_orig
				  from dw_r_conv_map_vendas_output_step3 step3
				       left join dw_f_bat221_prod_contratado_pos_max bat221
				              on (step3.cod_contrato_oltp = bat221.cod_contrato_billing)
				       left join dw_f_bat513_ctlg_prod_sblpos_max bat513
				              on (step3.nom_plano_atual = bat513.segmento
				             and bat221.nom_comercial = bat513.nom_produto
				             and step3.uf = bat513.uf_vigencia)
				       left join (select nom_produto, segmento, vlr_recorrente
				                    from dw_f_bat513_ctlg_prod_sblpos_max
				                   group by nom_produto, segmento, vlr_recorrente) bat513grp1
				              on (step3.nom_plano_atual = bat513grp1.segmento
				             and bat221.nom_comercial = bat513grp1.nom_produto
				             and bat513.vlr_recorrente is null)
				       left join (select nom_produto, uf_vigencia, vlr_recorrente
				                    from dw_f_bat513_ctlg_prod_sblpos_max                   
				                   group by nom_produto, uf_vigencia, vlr_recorrente) bat513grp2
				              on (bat221.nom_comercial = bat513grp2.nom_produto
				             and step3.uf = bat513grp2.uf_vigencia
				             and bat513grp1.vlr_recorrente is null)
				       left join (select nom_produto, vlr_recorrente
				                    from dw_f_bat513_ctlg_prod_sblpos_max           
				                   group by nom_produto, vlr_recorrente) bat513grp3
				              on (bat221.nom_comercial = bat513grp3.nom_produto
				              and bat513grp2.vlr_recorrente is null)
				 group by step3.dat_ref,
				          step3.dat_criacao_ordem,
				          step3.hora_criacao_da_ordem,
				          step3.dat_venda,
				          step3.hora_da_venda,
				          step3.dat_status_ordem,
				          step3.hr_status_ordem,
				          step3.num_ordem_siebel,
				          '',
				          step3.cod_contrato_oltp,
				          step3.cod_contrato_ativacao,
				          step3.numero_acesso,
				          step3.customer_id,
				          step3.tipo_documento,
				          step3.documento,
				          step3.tipo_venda,
				          step3.tipo_produto,
				          step3.velocidade_download,
				          step3.velocidade_upload,
				          step3.plano_ativacao_oferta,
				          step3.login_vendedor,
				          step3.canal,
				          step3.cnpj_parceiro,
				          step3.custcode,
				          step3.position,
				          step3.flg_canc_antes_venda,
				          step3.flg_canc_pos_venda,
				          step3.dt_canc_venda,
				          step3.motivo_cancelamento,
				          step3.nome_cliente,
				          step3.telefone,
				          step3.email_fatura,
				          step3.uf,
				          step3.tipo_logradouro,
				          step3.logradouro,
				          step3.numero,
				          step3.complemento,
				          step3.bairro,
				          step3.cep,
				          step3.cidade,
				          step3.status_ordem,
				          step3.tecnologia,
				          step3.forma_pagamento,
				          step3.tipo_conta,
				          step3.cod_banco,
				          step3.cod_agengia_bco,
				          step3.cod_conta_corrente,
				          step3.cod_debito_automatico,
				          step3.dia_vencimento,
				          step3.semana_venda,
				          step3.score,
				          step3.score_consumido,
				          step3.dt_finalizacao_ordem,
				          step3.qde_contratos,
				          step3.num_protocolo,
				          step3.flg_ordem_automatica,
				          step3.dsc_tx_recorrente,
				          step3.dsc_tx_nao_recorrente,
				          step3.dsc_status_item,
				          step3.nom_login_responsavel,
				          step3.flg_portabilidade,
				          step3.dsc_operadora_doadora,
				          step3.cod_ddd,
				          step3.num_telefone_portado,
				          step3.dat_janela_portabilidade,
				          step3.hora_da_janela,
				          step3.dsc_endereco_fatura,
				          step3.dsc_area_voip,
				          step3.cpe,
				          step3.ont,
				          step3.codigo_convergente,
				          step3.detalhe_recusa_crivo,
				          step3.item_root,
				          step3.login_cancelamento_ordem,
				          step3.custcode_cliente,
				          step3.dominio_root,
				          step3.cod_cont_financeira,
				          --step3.motivo_churn,
				          --step3.tipo_churn,
				          step3.nom_plano_atual,
				          step3.val_plano_atual_item,       
				          step3.nro_ordem,
				          step3.acesso_row_id,
				          step3.acesso_row_id_root,
				          step3.codigo_produto,
				          step3.flg_venda_submetida,
				          step3.flg_venda_duplicada,
				          '',
				          step3.flg_venda_liquida,
				          step3.flg_canc_dupl,
				          step3.flg_canc_liquido,
				          step3.nome_parceiro_venda,
				          step3.nome_parceiro_venda_orig,
				          step3.row_id_item_ordem,
				          step3.row_id_item_ordem_pai,
				          step3.categoria_item_order,
				          step3.categoria_item_order,
				          step3.msan_olt_venda,
					      step3.dt_conclusao_wfm,
					      step3.dsc_status_ordem_wfm,
					      step3.dat_status_wfm,
					      step3.hora_status_wfm,
				          step3.id_recurso_wfm,
					      step3.nom_recurso_wfm,
					      step3.id_recurso_pai_wfm,
					      step3.dat_primeiro_agend,
					      step3.hora_primeiro_agendamento,
					      step3.dat_agend_atual,
					      step3.hora_agendamento_atual,
					      step3.dsc_status_ativacao,
                          step3.msan_olt_trafego,
				          '',
		       		      '',
		       		      '',
		       		      '',
		       		      '',
		       		      '',
		       		      '',
		       		      ''
              ]]></value>
	</property>

<!-- Join com as tabelas de BAT 223 -->

	<property>
		<name>subset-output-step5-pre</name>
		<value><![CDATA[
    
        create temporary table dw_r_conv_map_vendas_output_step5_pre stored as ORC
        as
        select sub.cod_contrato_oltp, sub.status_ordem, sub.msisdn, sub.nome_plano
          from (select step4.cod_contrato_oltp,
                       step4.status_ordem,
                       bat223.msisdn,
                       bat223.nome_plano,
                       row_number() over (partition by step4.cod_contrato_oltp, bat223.msisdn, bat223.nome_plano order by bat223.dat_ref desc) linha
                  from dw_r_conv_map_vendas_output_step4 step4
                       inner join dw_d_p609_siebel_bat223_max bat223
                               on (step4.cod_contrato_oltp = bat223.numero_contrato)
                 where step4.status_ordem in ('Concluído', 'Pendente Portabilidade')
                   and step4.nom_plano_atual != bat223.nome_plano) sub
          where sub.linha = 1
    
              ]]></value>
	</property>
  
  
<!-- Join para identificar o nom_plano_atual -->

	<property>
		<name>subset-output-step5</name>
		<value><![CDATA[
    
        create temporary table dw_r_conv_map_vendas_output_step5 stored as ORC
        as
        select step4.dat_ref,
               step4.dat_criacao_ordem,
               step4.hora_criacao_da_ordem,
               step4.dat_venda,
               step4.hora_da_venda,
               step4.dat_status_ordem,
               step4.hr_status_ordem,
               step4.num_ordem_siebel,
               step4.num_ordem_siebel_orig,
               step4.cod_contrato_oltp,
               step4.cod_contrato_ativacao,
               step4.numero_acesso,
               step4.customer_id,
               step4.tipo_documento,
               step4.documento,
               step4.tipo_venda,
               step4.tipo_produto,
               step4.velocidade_download,
               step4.velocidade_upload,
               step4.plano_ativacao_oferta,
               step4.login_vendedor,
               step4.canal,
               step4.cnpj_parceiro,
               step4.custcode,
               step4.position,
               step4.flg_canc_antes_venda,
               step4.flg_canc_pos_venda,
               step4.dt_canc_venda,
               step4.motivo_cancelamento,
               step4.nome_cliente,
               step4.telefone,
               step4.email_fatura,
               step4.uf,
               step4.tipo_logradouro,
               step4.logradouro,
               step4.numero,
               step4.complemento,
               step4.bairro,
               step4.cep,
               step4.cidade,
               step4.status_ordem,
               step4.tecnologia,
               step4.forma_pagamento,
               step4.tipo_conta,
               step4.cod_banco,
               step4.cod_agengia_bco,
               step4.cod_conta_corrente,
               step4.cod_debito_automatico,
               step4.dia_vencimento,
               step4.semana_venda,
               step4.score,
               step4.score_consumido,
               step4.dt_finalizacao_ordem,
               step4.qde_contratos,
               step4.num_protocolo,
               step4.flg_ordem_automatica,
               step4.dsc_tx_recorrente,
               step4.dsc_tx_nao_recorrente,
               step4.dsc_status_item,
               step4.nom_login_responsavel,
               step4.flg_portabilidade,
               step4.dsc_operadora_doadora,
               step4.cod_ddd,
               step4.num_telefone_portado,
               step4.dat_janela_portabilidade,
               step4.hora_da_janela,
               step4.dsc_endereco_fatura,
               step4.dsc_area_voip,
               step4.cpe,
               step4.ont,
               step4.codigo_convergente,
               step4.detalhe_recusa_crivo,
               step4.item_root,
               step4.login_cancelamento_ordem,
               step4.custcode_cliente,
               step4.dominio_root,
               step4.cod_cont_financeira,
               --step4.val_plano_atual_item,
               step4.nom_desconto_atual_item,
               step4.val_desconto_atual_item,
               step4.nro_ordem,
               step4.acesso_row_id,
               step4.acesso_row_id_root,
               step4.codigo_produto,
               step4.flg_venda_submetida,
               step4.flg_venda_duplicada,
               step4.flg_venda_bruta,
               step4.flg_venda_liquida,
               step4.flg_canc_dupl,
               step4.flg_canc_liquido,
               step4.nome_parceiro_venda,
               step4.nome_parceiro_venda_orig,
               step4.row_id_item_ordem,
               step4.row_id_item_ordem_pai,
               step4.categoria_item_order,
               step4.msan_olt_venda,
			   step4.dt_conclusao_wfm,
			   step4.dsc_status_ordem_wfm,
			   step4.dat_status_wfm,
			   step4.hora_status_wfm,
			   step4.id_recurso_wfm,
			   step4.nom_recurso_wfm,
			   step4.id_recurso_pai_wfm,
			   step4.dat_primeiro_agend,
			   step4.hora_primeiro_agendamento,
			   step4.dat_agend_atual,
			   step4.hora_agendamento_atual,
			   step4.dsc_status_ativacao,
               step4.msan_olt_trafego,
               step4.dat_venda_orig,
               step4.hora_venda_orig,
               step4.login_vendedor_orig,
               step4.canal_orig,
               step4.cnpj_parceiro_orig,
               step4.custcode_orig,
               step4.position_orig,
               step4.semana_venda_orig,
               step5.msisdn cod_contrato_atual,       
               coalesce(step5.nome_plano, step4.nom_plano_atual) nom_plano_atual
          from dw_r_conv_map_vendas_output_step4 step4
               left join dw_r_conv_map_vendas_output_step5_pre step5
                      on (step4.cod_contrato_oltp = step5.cod_contrato_oltp)
    
              ]]></value>
	</property>
  
  
  <!-- Join com a BAT 513 para descobrir o val_atual do plano -->
	<property>
		<name>subset-output-step6</name>
		<value><![CDATA[
    
        create temporary table dw_r_conv_map_vendas_output_step6 stored as ORC
        as
        select step5.dat_ref,
               step5.dat_criacao_ordem,
               step5.hora_criacao_da_ordem,
               step5.dat_venda,
               step5.hora_da_venda,
               step5.dat_status_ordem,
               step5.hr_status_ordem,
               step5.num_ordem_siebel,
               step5.num_ordem_siebel_orig,
               step5.cod_contrato_oltp,
               step5.cod_contrato_ativacao,
               step5.numero_acesso,
               step5.customer_id,
               step5.tipo_documento,
               step5.documento,
               step5.tipo_venda,
               step5.tipo_produto,
               step5.velocidade_download,
               step5.velocidade_upload,
               step5.plano_ativacao_oferta,
               step5.login_vendedor,
               step5.canal,
               step5.cnpj_parceiro,
               step5.custcode,
               step5.position,
               step5.flg_canc_antes_venda,
               step5.flg_canc_pos_venda,
               step5.dt_canc_venda,
               step5.motivo_cancelamento,
               step5.nome_cliente,
               step5.telefone,
               step5.email_fatura,
               step5.uf,
               step5.tipo_logradouro,
               step5.logradouro,
               step5.numero,
               step5.complemento,
               step5.bairro,
               step5.cep,
               step5.cidade,
               step5.status_ordem,
               step5.tecnologia,
               step5.forma_pagamento,
               step5.tipo_conta,
               step5.cod_banco,
               step5.cod_agengia_bco,
               step5.cod_conta_corrente,
               step5.cod_debito_automatico,
               step5.dia_vencimento,
               step5.semana_venda,
               step5.score,
               step5.score_consumido,
               step5.dt_finalizacao_ordem,
               step5.qde_contratos,
               step5.num_protocolo,
               step5.flg_ordem_automatica,
               step5.dsc_tx_recorrente,
               step5.dsc_tx_nao_recorrente,
               step5.dsc_status_item,
               step5.nom_login_responsavel,
               step5.flg_portabilidade,
               step5.dsc_operadora_doadora,
               step5.cod_ddd,
               step5.num_telefone_portado,
               step5.dat_janela_portabilidade,
               step5.hora_da_janela,
               step5.dsc_endereco_fatura,
               step5.dsc_area_voip,
               step5.cpe,
               step5.ont,
               step5.codigo_convergente,
               step5.detalhe_recusa_crivo,
               step5.item_root,
               step5.login_cancelamento_ordem,
               step5.custcode_cliente,
               step5.dominio_root,
               step5.cod_cont_financeira,
               coalesce(bat513.vlr_recorrente, bat513grp.vlr_recorrente) val_plano_atual_item,
               step5.nom_desconto_atual_item,
               step5.val_desconto_atual_item,
               step5.nro_ordem,
               step5.acesso_row_id,
               step5.acesso_row_id_root,
               step5.codigo_produto,
               step5.flg_venda_submetida,
               step5.flg_venda_duplicada,
               step5.flg_venda_bruta,
               step5.flg_venda_liquida,
               step5.flg_canc_dupl,
               step5.flg_canc_liquido,
               step5.nome_parceiro_venda,
               step5.nome_parceiro_venda_orig,
               step5.row_id_item_ordem,
               step5.row_id_item_ordem_pai,
               step5.categoria_item_order,
               step5.msan_olt_venda,
			   step5.dt_conclusao_wfm,
			   step5.dsc_status_ordem_wfm,
			   step5.dat_status_wfm,
			   step5.hora_status_wfm,
			   step5.id_recurso_wfm,
			   step5.nom_recurso_wfm,
			   step5.id_recurso_pai_wfm,
			   step5.dat_primeiro_agend,
			   step5.hora_primeiro_agendamento,
			   step5.dat_agend_atual,
			   step5.hora_agendamento_atual,
			   step5.dsc_status_ativacao,
               step5.msan_olt_trafego,
               step5.dat_venda_orig,
               step5.hora_venda_orig,
               step5.login_vendedor_orig,
               step5.canal_orig,
               step5.cnpj_parceiro_orig,
               step5.custcode_orig,
               step5.position_orig,
               step5.semana_venda_orig,
               step5.cod_contrato_atual,
               step5.nom_plano_atual
          from dw_r_conv_map_vendas_output_step5 step5
               left join dw_f_bat513_ctlg_prod_sblpos_max bat513
                      on (step5.codigo_produto = bat513.id_siebel
                     and step5.uf = bat513.uf_vigencia)
               left join (select id_siebel, vlr_recorrente
                            from dw_f_bat513_ctlg_prod_sblpos_max                   
                           group by id_siebel,vlr_recorrente) bat513grp
                      on (step5.codigo_produto = bat513grp.id_siebel
                     and bat513.id_siebel is null)
    
              ]]></value>
	</property>
	
	<property>
		<name>subset-nome-vendedor</name>
		<value><![CDATA[
		
				create temporary table dw_r_conv_map_vendas_output_login_cancelamento stored as ORC
				as
				select
					  m.*,
					  '',
					  '',
			          '',
			          '',
			          '',
			          '',
			          '',
			          '',
			          '',
			          '',
			          '',
				      '' nome_vendedor,
					  '' nome_usuario_canc_ordem,-- esses são os campos de churn que serão preenchidos em um step futuro
					  ''
				from dw_r_conv_map_vendas_output_step6 m

              ]]></value>
	</property>

<!-- Insert na tabela de historico-->
	<property>
		<name>subset-output-final-step2</name>
		<value><![CDATA[
		
				insert overwrite table ${managed-table} partition(dat_ref)
                select 
                	*, dat_ref 
                from dw_r_conv_map_vendas_output_login_cancelamento
              ]]></value>
	</property>

</configuration>