<?xml version="1.0" encoding="UTF-8"?>
<configuration>

    <property>
        <name>managed-table</name>
        <value>reports.dw_r_conv_map_vendas_historico</value>
    </property>
    
    <property>
        <name>external-table</name>
        <value>ext.dw_r_conv_map_vendas_output_step2_tmp</value>
    </property>

    <property>
        <name>process-id</name>
        <value>MAPA</value>
        <description>Processo para geração de relatório intraday de recarga detalhada.</description>
    </property>

    <property>
        <name>hive-name-querys</name>
        <value>subset-filter-order, subset-filho, subset-neto, join-calc-taxas, subset-bat511-login-vendedor-max, subset-bat510-login-vendedor-max, subset-bat511-login-vendedor-original-max, subset-bat510-login-vendedor-original-max, subset-pai, subset-prod-sblpos-max, subset-siebel-bat223-max, subset-bat230-max, subset-output-step3, subset-order-ref180, subset-order-60dias, subset-order-60dias-orig, subset-contratado-pos-max, subset-output-step3-orig, subset-output-step4, subset-output-step5-pre, subset-output-step5, subset-output-step6, subset-output-final-step4-login, subset-bat511-login-cancelamento-max, subset-bat510-login-cancelamento-max,
subset-nome-vendedor, subset-bat22-max, subset-bat222, subset-output-final-step2</value>
        <description>Poderá ser adicionada uma ou mais querys</description>
    </property>
    
    <!-- Explicação Querys 
    
subset-filter-order:


subset-filho:


subset-neto:


join-calc-taxas:


subset-bat511-login-vendedor-max:


subset-bat510-login-vendedor-max:


subset-bat511-login-vendedor-original-max:


subset-bat510-login-vendedor-original-max:


subset-pai:


subset-prod-sblpos-max:


subset-siebel-bat223-max:


subset-bat230-max:


subset-output-step3:


subset-order-ref180:


subset-order-60dias:


subset-order-60dias-orig:


subset-contratado-pos-max:


subset-output-step3-orig:


subset-output-step4:


subset-output-step5-pre:


subset-output-step5:


subset-output-step6:


subset-output-final-step4-login:


subset-bat511-login-cancelamento-max:


subset-bat510-login-cancelamento-max:


subset-nome-vendedor:


subset-bat22-max:


subset-bat222:


subset-output-final-step2:
    
     -->
    
    <property>
		<name>context-class</name>
		<value>br.com.tim.hive.HiveContextHdp</value>
	</property>
	
	 <property>
        <name>hiveingestion.tez.queue.name</name>
        <value>ing_med</value>
    </property>
    
    <property>
    	<name>PARAM_DATE_REF</name>
    	<value></value>
    </property>
	
	<property>
        <name>output-path</name>
        <value>${environment}/work/convergencia/mapas_vendas/e2e/agregado_step2/</value>
    </property>
    
    <property>
        <name>hiveingestion.hive.enforce.bucketing</name>
        <value>true</value>
    </property>
    
    <property>
        <name>hiveingestion.hive.exec.compress.output</name>
        <value>false</value>
    </property>
    
    
    <property>
        <name>subset-filter-order</name>
        <value><![CDATA[
            create temporary table dw_r_conv_map_vendas_output_step2 stored as ORC
						as
						  SELECT * from ${external-table} m
              where from_unixtime(unix_timestamp(m.dat_criacao_ordem, 'MM/dd/yyyy'), 'yyyy-MM-dd') >= '2020-02-16'
        ]]></value>
    </property>

    <property>
        <name>subset-filho</name>
        <value><![CDATA[
                        create temporary table dw_d_sibel_bat509_item_fiho stored as ORC
						as
						  SELECT m.row_id_item_ordem
							 ,regexp_replace(i.taxa_recorrente, ',', '.') AS taxa_recorrente
							 ,regexp_replace(i.taxa_nao_recorrente, ',', '.') AS taxa_nao_recorrente
						FROM dw_r_conv_map_vendas_output_step2 m
						LEFT JOIN aux.dw_d_p609_siebel_bat509_itens i ON (
						 	 m.row_id_item_ordem = i.row_id_do_item_de_ordem_pai
						  )
						WHERE m.dat_ref = '${PARAM_DATE_REF}' and i.dat_ref >= from_unixtime(unix_timestamp(m.dat_criacao_ordem, 'MM/dd/yyyy'), 'yyyyMMdd')
        ]]></value>
    </property>
    
    <property>
        <name>subset-neto</name>
        <value><![CDATA[
                        create temporary table dw_d_sibel_bat509_item_neto stored as ORC
						as 
						SELECT m.row_id_item_ordem
						 ,regexp_replace(it.taxa_recorrente, ',', '.') AS taxa_recorrente
						 ,regexp_replace(it.taxa_nao_recorrente, ',', '.') AS taxa_nao_recorrente
						FROM dw_r_conv_map_vendas_output_step2 m
						LEFT JOIN aux.dw_d_p609_siebel_bat509_itens i ON (
						  m.row_id_item_ordem = i.row_id_do_item_de_ordem_pai
						  )
						LEFT JOIN aux.dw_d_p609_siebel_bat509_itens it ON (
						  i.row_id_do_item_de_ordem = it.row_id_do_item_de_ordem_pai
						  )
						WHERE m.dat_ref = '${PARAM_DATE_REF}'
						 AND it.dat_ref >= from_unixtime(unix_timestamp(m.dat_criacao_ordem, 'MM/dd/yyyy'), 'yyyyMMdd')
    	]]></value>
    </property>
    
    <property>
        <name>join-calc-taxas</name>
        <value><![CDATA[
                        create temporary table dw_d_sibel_bat509_item_agregado stored as ORC
						as 
						SELECT a.row_id_item_ordem
						    ,sum(a.taxa_recorrente) as dsc_tx_recorrente
						    ,sum(a.taxa_nao_recorrente) as dsc_tx_nao_recorrente
					    FROM (
              select 
                  row_id_item_ordem,
                  regexp_replace(dsc_tx_recorrente, ',', '.') AS taxa_recorrente,
                  regexp_replace(dsc_tx_nao_recorrente, ',', '.') AS taxa_nao_recorrente
              from dw_r_conv_map_vendas_output_step2
              union all
							select row_id_item_ordem
					        ,taxa_recorrente
					        ,taxa_nao_recorrente
							from dw_d_sibel_bat509_item_fiho
							union all 
							select row_id_item_ordem
					        ,taxa_recorrente
					        ,taxa_nao_recorrente from dw_d_sibel_bat509_item_neto) a
						GROUP BY a.row_id_item_ordem]]></value>
    </property>
    
    
  <property>
		<name>subset-bat511-login-vendedor-max</name>
		<value><![CDATA[create temporary table dw_r_conv_map_vendas_output_511_login_vendedor_max stored as ORC
as
SELECT * from (
select 
m.row_id_item_ordem, 
m.login_vendedor, 
bat511.id_do_usuario, 
concat(bat511.nome, ' ', bat511.sobrenome) as nome,
ROW_NUMBER() OVER (PARTITION BY m.row_id_item_ordem ORDER BY bat511.dat_from_filename_part DESC) linha
from dw_r_conv_map_vendas_output_step2 m
left join aux.dw_d_icc_bat511_login_pos bat511 on m.login_vendedor = bat511.id_do_usuario
where bat511.dat_from_filename_part between from_unixtime(unix_timestamp(date_sub(from_unixtime(unix_timestamp(m.dat_criacao_ordem, 'MM/dd/yyyy'), 'yyyy-MM-dd'), 600), 'yyyy-MM-dd'), 'yyyyMMdd') 
and from_unixtime(unix_timestamp(m.dat_criacao_ordem, 'MM/dd/yyyy'), 'yyyyMMdd')
) sub
where sub.linha = 1]]></value>
	</property>

	<property>
		<name>subset-bat510-login-vendedor-max</name>
		<value><![CDATA[create temporary table dw_r_conv_map_vendas_output_510_login_vendedor_max stored as ORC
as
select * from (
select 
m.row_id_item_ordem, 
m.login_vendedor, 
bat510.login_vendedor as login_vendedor_bat510, 
bat510.nom_vendedor,
ROW_NUMBER() OVER (PARTITION BY row_id_item_ordem ORDER BY row_id_item_ordem DESC) linha
from dw_r_conv_map_vendas_output_step2 m
left join fact.dw_f_bat510_cad_vend_sblpos bat510 on m.login_vendedor = bat510.login_vendedor
where bat510.dat_ref  between from_unixtime(unix_timestamp(date_sub(from_unixtime(unix_timestamp(m.dat_criacao_ordem, 'MM/dd/yyyy'), 'yyyy-MM-dd'), 600), 'yyyy-MM-dd'), 'yyyyMMdd') 
and from_unixtime(unix_timestamp(m.dat_criacao_ordem, 'MM/dd/yyyy'), 'yyyyMMdd')
) sub
where sub.linha = 1]]></value>
	</property>
  
  
  
  
    <property>
		<name>subset-bat511-login-vendedor-original-max</name>
		<value><![CDATA[create temporary table dw_r_conv_map_vendas_output_511_login_vendedor_original_max stored as ORC
as
SELECT * from (
select 
m.row_id_item_ordem, 
m.login_vendedor_orig, 
bat511.id_do_usuario, 
concat(bat511.nome, ' ', bat511.sobrenome) as nome,
ROW_NUMBER() OVER (PARTITION BY m.row_id_item_ordem ORDER BY bat511.dat_from_filename_part DESC) linha
from dw_r_conv_map_vendas_output_step2 m
left join aux.dw_d_icc_bat511_login_pos bat511 on m.login_vendedor_orig = bat511.id_do_usuario
where bat511.dat_from_filename_part between from_unixtime(unix_timestamp(date_sub(from_unixtime(unix_timestamp(m.dat_criacao_ordem, 'MM/dd/yyyy'), 'yyyy-MM-dd'), 600), 'yyyy-MM-dd'), 'yyyyMMdd') 
and from_unixtime(unix_timestamp(m.dat_criacao_ordem, 'MM/dd/yyyy'), 'yyyyMMdd')
) sub
where sub.linha = 1]]></value>
	</property>

	<property>
		<name>subset-bat510-login-vendedor-original-max</name>
		<value><![CDATA[create temporary table dw_r_conv_map_vendas_output_510_login_vendedor_original_max stored as ORC
as
select * from (
select 
m.row_id_item_ordem, 
m.login_vendedor_orig, 
bat510.login_vendedor as login_vendedor_bat510, 
bat510.nom_vendedor,
ROW_NUMBER() OVER (PARTITION BY row_id_item_ordem ORDER BY row_id_item_ordem DESC) linha
from dw_r_conv_map_vendas_output_step2 m
left join fact.dw_f_bat510_cad_vend_sblpos bat510 on m.login_vendedor_orig = bat510.login_vendedor
where bat510.dat_ref  between from_unixtime(unix_timestamp(date_sub(from_unixtime(unix_timestamp(m.dat_criacao_ordem, 'MM/dd/yyyy'), 'yyyy-MM-dd'), 600), 'yyyy-MM-dd'), 'yyyyMMdd') 
and from_unixtime(unix_timestamp(m.dat_criacao_ordem, 'MM/dd/yyyy'), 'yyyyMMdd')
) sub
where sub.linha = 1]]></value>
	</property>
  
    <property>
        <name>subset-pai</name>
        <value><![CDATA[create temporary table dw_d_sibel_bat509_item_pai stored as ORC
as 
SELECT step2.dat_ref,
    step2.dat_criacao_ordem,
    step2.hora_criacao_da_ordem,
    step2.dat_venda,
    step2.hora_da_venda,
    step2.dat_status_ordem,
    step2.hr_status_ordem,
    step2.num_ordem_siebel,
    step2.cod_contrato_oltp,
    step2.cod_contrato_ativacao,
    step2.numero_acesso,
    step2.customer_id,
    step2.tipo_documento,
    step2.documento,
    step2.tipo_venda,
    step2.tipo_produto,
    step2.plano_ativacao_oferta,
    step2.login_vendedor,
    step2.canal,
    step2.cnpj_parceiro,
    step2.custcode,
    step2.position,
    step2.flg_canc_antes_venda,
    step2.flg_canc_pos_venda,
    step2.dt_canc_venda,
    step2.motivo_cancelamento,
    step2.nome_cliente,
    step2.telefone,
    step2.email_fatura,
    step2.uf,
    step2.tipo_logradouro,
    step2.logradouro,
    step2.numero,
    step2.complemento,
    step2.bairro,
    step2.cep,
    step2.cidade,
    step2.status_ordem,
    step2.tecnologia,
    step2.forma_pagamento,
    step2.tipo_conta,
    step2.cod_banco,
    step2.cod_agengia_bco,
    step2.cod_conta_corrente,
    step2.cod_debito_automatico,
    step2.dia_vencimento,
    step2.semana_venda,
    step2.score,
    step2.score_consumido,
    step2.dt_finalizacao_ordem,
    step2.qde_contratos,
    step2.num_protocolo,
    step2.flg_ordem_automatica,
    coalesce(i.dsc_tx_recorrente, '0.0') as dsc_tx_recorrente,
    coalesce(i.dsc_tx_nao_recorrente, '0.0') as dsc_tx_nao_recorrente,
    step2.dsc_status_item,
    step2.nom_login_responsavel,
    step2.flg_portabilidade,
    step2.dsc_operadora_doadora,
    step2.cod_ddd,
    step2.num_telefone_portado,
    step2.dat_janela_portabilidade,
    step2.hora_da_janela,
    step2.dsc_endereco_fatura,
    step2.dsc_area_voip,
    step2.cpe,
    step2.ont,
    step2.detalhe_recusa_crivo,
    step2.item_root,
    step2.login_cancelamento_ordem,
    step2.dominio_root,
    step2.cod_cont_financeira,
    step2.nom_plano_atual,
    step2.val_plano_atual_item,
    step2.nom_desconto_atual_item,
    step2.val_desconto_atual_item,
    step2.nro_ordem,
    step2.acesso_row_id,
    step2.acesso_row_id_root,
    step2.codigo_produto,
    step2.dat_venda_orig,
    step2.hor_venda_orig,
    step2.num_ordem_siebel_orig,
    step2.login_vendedor_orig,
    step2.canal_orig,
    step2.cnpj_parceiro_orig,
    step2.custcode_orig,
    step2.position_orig,
    step2.flg_venda_submetida,
    step2.flg_venda_duplicada,
    step2.flg_venda_bruta,
    step2.flg_venda_liquida,
    step2.flg_canc_dupl,
    step2.flg_canc_liquido,
    step2.semana_venda_orig,
    step2.nome_parceiro_venda,
    step2.nome_parceiro_venda_orig,
    step2.row_id_item_ordem,
    step2.row_id_item_ordem_pai,
    step2.categoria_item_order,
    step2.msan_olt_venda,
    step2.dt_conclusao_wfm,
    step2.dsc_status_ordem_wfm,
    step2.dat_status_wfm,
    step2.hora_status_wfm,
    step2.id_recurso_wfm,
    step2.nom_recurso_wfm,
    step2.id_recurso_pai_wfm,
    step2.dat_primeiro_agend,
    step2.hora_primeiro_agendamento,
    step2.dat_agend_atual,
    step2.hora_agendamento_atual,
    step2.dsc_status_ativacao,
    step2.msan_olt_trafego
FROM
    dw_r_conv_map_vendas_output_step2 step2
LEFT JOIN
    dw_d_sibel_bat509_item_agregado i ON step2.row_id_item_ordem = i.row_id_item_ordem]]></value>
    </property>


	<property>
		<name>subset-prod-sblpos-max</name>
		<value><![CDATA[

				create temporary table dw_f_bat513_ctlg_prod_sblpos_max stored as ORC
				AS
				SELECT bat513.*
			  FROM (SELECT id_siebel,
			               uf_vigencia,
			               velocidade_download,
			               velocidade_upload,
			               segmento,
			               nom_produto,
			               vlr_recorrente,
			               dat_ref,
			               ROW_NUMBER() OVER (PARTITION BY id_siebel, uf_vigencia, velocidade_download, velocidade_upload, segmento, nom_produto, vlr_recorrente ORDER BY dat_ref DESC) linha
			          FROM fact.dw_f_bat513_ctlg_prod_sblpos
			         WHERE dat_ref >= '${PARAM_DATE_REF}') bat513
			WHERE bat513.linha = 1
              ]]></value>
	</property>


	<property>
		<name>subset-siebel-bat223-max</name>
		<value><![CDATA[

				create temporary table dw_d_p609_siebel_bat223_max stored as ORC
				AS
				SELECT bat223.*
				  FROM (SELECT row_id_acesso,
                       ide_promocao,
                       numero_contrato,
                       nome_plano,
                       msisdn,
                       dat_ref,
                       ROW_NUMBER() OVER (PARTITION BY row_id_acesso, ide_promocao, numero_contrato, nome_plano, msisdn ORDER BY dat_ref DESC) linha
				          FROM aux.dw_d_p609_siebel_bat223
				        WHERE dat_ref >= '${PARAM_DATE_REF}') bat223
				WHERE bat223.linha = 1

              ]]></value>
	</property>


	<property>
		<name>subset-bat230-max</name>
		<value><![CDATA[

				create temporary table dw_d_p609_siebel_bat230_max stored as ORC
				AS
		        SELECT bat230.*
		          FROM (SELECT a.id_publico,
		                       a.custcode,
		                       a.dat_ref,
		                       ROW_NUMBER() OVER (PARTITION BY a.id_publico, a.custcode ORDER BY a.dat_ref DESC) linha
		                  FROM aux.dw_d_p609_siebel_bat230 a,
		                       (select min(from_unixtime(unix_timestamp(dat_criacao_ordem, 'MM/dd/yyyy'), 'yyyyMMdd')) min_dt
		                          from dw_d_sibel_bat509_item_pai) b
		                 WHERE a.dat_ref >= b.min_dt) bat230
		        WHERE bat230.linha = 1

              ]]></value>
	</property>



	<property>
		<name>subset-output-step3</name>
		<value><![CDATA[

				create temporary table dw_r_conv_map_vendas_output_step3 stored as ORC
				as
				select *
  				from (select ord.dat_ref,
               ord.dat_criacao_ordem,
               ord.hora_criacao_da_ordem,
               ord.dat_venda,
               ord.hora_da_venda,
               ord.dat_status_ordem,
               ord.hr_status_ordem,
               ord.num_ordem_siebel,
               ord.cod_contrato_oltp,
               ord.cod_contrato_ativacao,
               ord.numero_acesso,
               ord.customer_id,
               ord.tipo_documento,
               ord.documento,
               ord.tipo_venda,
               ord.tipo_produto,
               coalesce(bat513.velocidade_download, bat513grp.velocidade_download) velocidade_download,
               coalesce(bat513.velocidade_upload, bat513grp.velocidade_upload) velocidade_upload,
               ord.plano_ativacao_oferta,
               ord.login_vendedor,
               ord.canal,
               ord.cnpj_parceiro,
               ord.custcode,
               ord.position,
               ord.flg_canc_antes_venda,
               ord.flg_canc_pos_venda,
               ord.dt_canc_venda,
               ord.motivo_cancelamento,
               ord.nome_cliente,
               ord.telefone,
               ord.email_fatura,
               ord.uf,
               ord.tipo_logradouro,
               ord.logradouro,
               ord.numero,
               ord.complemento,
               ord.bairro,
               ord.cep,
               ord.cidade,
               ord.status_ordem,
               ord.tecnologia,
               ord.forma_pagamento,
               ord.tipo_conta,
               ord.cod_banco,
               ord.cod_agengia_bco,
               ord.cod_conta_corrente,
               ord.cod_debito_automatico,
               ord.dia_vencimento,
               concat(lpad(weekofyear(from_unixtime(unix_timestamp(ord.dat_venda, 'MM/dd/yyyy'), 'yyyy-MM-dd')), 2, '0'), '-', from_unixtime(unix_timestamp(ord.dat_venda, 'MM/dd/yyyy'), 'yy')) semana_venda,
               ord.score,
               ord.score_consumido,
               ord.dt_finalizacao_ordem,
               ord.qde_contratos,
               ord.num_protocolo,
               ord.flg_ordem_automatica,
               ord.dsc_tx_recorrente,
               ord.dsc_tx_nao_recorrente,
               ord.dsc_status_item,
               ord.nom_login_responsavel,
               ord.flg_portabilidade,
               ord.dsc_operadora_doadora,
               ord.cod_ddd,
               ord.num_telefone_portado,
               ord.dat_janela_portabilidade,
               ord.hora_da_janela,
               ord.dsc_endereco_fatura,
               ord.dsc_area_voip,
               ord.cpe,
               ord.ont,
               bat223.ide_promocao codigo_convergente,
               ord.detalhe_recusa_crivo,
               ord.item_root,
               ord.login_cancelamento_ordem,
               bat230.custcode custcode_cliente,
               ord.dominio_root,
               ord.cod_cont_financeira,
               --ord.motivo_churn,
               --ord.tipo_churn,
               ord.nom_plano_atual,
               ord.val_plano_atual_item,
               ord.nom_desconto_atual_item,
               ord.val_desconto_atual_item,
               ord.nro_ordem,
               ord.acesso_row_id,
               ord.acesso_row_id_root,
               ord.codigo_produto,
               ord.dat_venda_orig,
               ord.hor_venda_orig,
               --ord.num_ordem_siebel_orig,
               ord.login_vendedor_orig,
               ord.canal_orig,
               ord.cnpj_parceiro_orig,
               ord.custcode_orig,
               ord.position_orig,
               ord.flg_venda_submetida,
               ord.flg_venda_duplicada,
               ord.flg_venda_bruta,
               ord.flg_venda_liquida,
               ord.flg_canc_dupl,
               ord.flg_canc_liquido,
               ord.semana_venda_orig,
               ord.nome_parceiro_venda,
               ord.nome_parceiro_venda_orig,
               ord.row_id_item_ordem,
               ord.row_id_item_ordem_pai,
               ord.categoria_item_order,
               ord.msan_olt_venda,
			   ord.dt_conclusao_wfm,
			   ord.dsc_status_ordem_wfm,
		       ord.dat_status_wfm,
			   ord.hora_status_wfm,
			   ord.id_recurso_wfm,
			   ord.nom_recurso_wfm,
			   ord.id_recurso_pai_wfm,
			   ord.dat_primeiro_agend,
			   ord.hora_primeiro_agendamento,
			   ord.dat_agend_atual,
			   ord.hora_agendamento_atual,
			   ord.dsc_status_ativacao,
			   ord.msan_olt_trafego,
               row_number() over (partition by ord.row_id_item_ordem,
                                               bat513.id_siebel,
                                               bat513.uf_vigencia,
                                               bat513grp.id_siebel,
                                               bat223.row_id_acesso,
                                               bat230.id_publico order by bat513.dat_ref desc,
                                                                          bat513grp.dat_ref desc,
                                                                          bat223.dat_ref desc,
                                                                          bat230.dat_ref desc) linha
          from dw_d_sibel_bat509_item_pai ord
               left join dw_f_bat513_ctlg_prod_sblpos_max bat513
                      on (ord.codigo_produto = bat513.id_siebel
                     and ord.uf = bat513.uf_vigencia)
               left join (select id_siebel, velocidade_download, velocidade_upload, dat_ref
                            from dw_f_bat513_ctlg_prod_sblpos_max                   
                           group by id_siebel, velocidade_download, velocidade_upload, dat_ref) bat513grp
                      on (ord.codigo_produto = bat513grp.id_siebel
                     and bat513.id_siebel is null)
               left join dw_d_p609_siebel_bat223_max bat223
                      on (ord.acesso_row_id = bat223.row_id_acesso)
               left join dw_d_p609_siebel_bat230_max bat230
                      on (ord.cod_cont_financeira = bat230.id_publico)) sub
 			where sub.linha = 1
              ]]></value>
	</property>



	<property>
		<name>subset-order-ref180</name>
		<value><![CDATA[


				create temporary table dw_d_p609_siebel_bat509_order_ref180 stored as ORC
				AS
				select ord.Sub_Tipo_Ordem,
               ord.Numero_Cliente documento,
               ord.Data_Status_Ordem,
               step3.Num_Ordem_Siebel,
               ord.numero_ordem num_ordem_siebel_orig,
               ord.status_ordem,
               ord.data_venda,
               ord.login_vendedor,
               ord.canal_venda,
               ord.cnpj_parceiro_venda,
               ord.custcode_pdv,
               ord.nome_parceiro_venda,
               ord.dat_ref
          from aux.dw_d_p609_siebel_bat509_order       ord,
               dw_r_conv_map_vendas_output_step3 step3
         where ord.Numero_Cliente = step3.documento
           and ord.numero_ordem != step3.Num_Ordem_Siebel
           and ord.dat_ref <= step3.dat_ref
           and ord.dat_ref between from_unixtime(unix_timestamp(date_sub(from_unixtime(unix_timestamp('${PARAM_DATE_REF}', 'yyyyMMdd'), 'yyyy-MM-dd'), 180), 'yyyy-MM-dd'), 'yyyyMMdd')
                               and '${PARAM_DATE_REF}'
         group by ord.Sub_Tipo_Ordem,
                  ord.Numero_Cliente,
                  ord.Data_Status_Ordem,
                  step3.Num_Ordem_Siebel,
                  ord.numero_ordem,
                  ord.status_ordem,
                  ord.data_venda,
                  ord.login_vendedor,
                  ord.canal_venda,
                  ord.cnpj_parceiro_venda,
                  ord.custcode_pdv,
                  ord.nome_parceiro_venda,
                  ord.dat_ref

              ]]></value>
	</property>




	<property>
		<name>subset-order-60dias</name>
		<value><![CDATA[

				create temporary table dw_d_p609_siebel_bat509_order_60dias stored as ORC
				AS 
				select step3.dat_ref,
               step3.Num_Ordem_Siebel,
               concat(from_unixtime(unix_timestamp(step3.Dat_Venda, 'MM/dd/yyyy'), 'yyyy-MM-dd'), ' ', step3.hora_da_venda) Dat_Hr_Venda,
               from_unixtime(unix_timestamp(order60dias.Data_Status_Ordem, 'MM/dd/yyyy HH:mm:ss'), 'yyyy-MM-dd HH:mm:ss') Dat_St_Ord,
               order60dias.num_ordem_siebel_orig,
               order60dias.data_venda,
               order60dias.login_vendedor,
               order60dias.canal_venda,
               order60dias.cnpj_parceiro_venda,
               order60dias.custcode_pdv,
               order60dias.nome_parceiro_venda,
               case
                 when from_unixtime(unix_timestamp(order60dias.Data_Status_Ordem, 'MM/dd/yyyy HH:mm:ss'), 'yyyy-MM-dd HH:mm:ss')
                      between concat(date_sub(from_unixtime(unix_timestamp(step3.Dat_Venda, 'MM/dd/yyyy'), 'yyyy-MM-dd'), 60), ' ', step3.hora_da_venda)
                          and concat(from_unixtime(unix_timestamp(step3.Dat_Venda, 'MM/dd/yyyy'), 'yyyy-MM-dd'), ' ', step3.hora_da_venda) then
                   'sim'
                 else
                   'nao'
               end Range60dias,       
               order60dias.status_ordem,
               step3.documento
          from dw_r_conv_map_vendas_output_step3 step3
               LEFT JOIN dw_d_p609_siebel_bat509_order_ref180 order60dias
                      ON (step3.tipo_venda = order60dias.Sub_Tipo_Ordem
                     and step3.documento = order60dias.documento
                     and order60dias.data_venda != '')
         where step3.Num_Ordem_Siebel != order60dias.num_ordem_siebel_orig
         group by step3.dat_ref,
                  step3.Num_Ordem_Siebel,
                  concat(from_unixtime(unix_timestamp(step3.Dat_Venda, 'MM/dd/yyyy'), 'yyyy-MM-dd'), ' ', step3.hora_da_venda),
                  from_unixtime(unix_timestamp(order60dias.Data_Status_Ordem, 'MM/dd/yyyy HH:mm:ss'), 'yyyy-MM-dd HH:mm:ss'),
                  order60dias.num_ordem_siebel_orig,
                  order60dias.data_venda,
                  order60dias.login_vendedor,
                  order60dias.canal_venda,
                  order60dias.cnpj_parceiro_venda,
                  order60dias.custcode_pdv,
                  order60dias.nome_parceiro_venda,
                  case
                    when from_unixtime(unix_timestamp(order60dias.Data_Status_Ordem, 'MM/dd/yyyy HH:mm:ss'), 'yyyy-MM-dd HH:mm:ss')
                         between concat(date_sub(from_unixtime(unix_timestamp(step3.Dat_Venda, 'MM/dd/yyyy'), 'yyyy-MM-dd'), 60), ' ', step3.hora_da_venda)
                             and concat(from_unixtime(unix_timestamp(step3.Dat_Venda, 'MM/dd/yyyy'), 'yyyy-MM-dd'), ' ', step3.hora_da_venda) then
                      'sim'
                    else
                      'nao'
                  end,
                  order60dias.status_ordem,
                  step3.documento

              ]]></value>
	</property>



	<property>
		<name>subset-order-60dias-orig</name>
		<value><![CDATA[

				create temporary table dw_d_p609_siebel_bat509_order_60dias_orig stored as ORC
				AS 
				select sub.num_ordem_siebel,
               sub.num_ordem_siebel_orig,
               sub.data_venda,
               sub.login_vendedor,
               sub.canal_venda,
               sub.cnpj_parceiro_venda,
               sub.custcode_pdv,
               sub.nome_parceiro_venda,
               sub.documento,
               sub.dat_st_ord,
               sub.range60dias,
               sub.status_ordem
          from (select 60dias.num_ordem_siebel,
                       case when range60dias = 'nao' then
                         60dias.num_ordem_siebel
                         else
                           case when range60dias = 'sim' and 60dias.status_ordem in ('Concluído', 'Pendente de Portabilidade') then
                             60dias.num_ordem_siebel
                           else
                             60dias.num_ordem_siebel_orig
                           end
                       end num_ordem_siebel_orig,
                       60dias.dat_st_ord,
                       60dias.data_venda,
                       60dias.login_vendedor,
                       60dias.canal_venda,
                       60dias.cnpj_parceiro_venda,
                       60dias.custcode_pdv,
                       60dias.nome_parceiro_venda,
                       60dias.documento,               
                       60dias.range60dias,
                       60dias.status_ordem
                  from dw_d_p609_siebel_bat509_order_60dias 60dias) sub

              ]]></value>
	</property>


	<property>
		<name>subset-contratado-pos-max</name>
		<value><![CDATA[

				create temporary table dw_f_bat221_prod_contratado_pos_max stored as ORC
				as
				select bat221.*
				  from (select cod_contrato_billing,
				               nom_comercial,
				               dat_ref,
				               ROW_NUMBER() OVER (PARTITION BY cod_contrato_billing, nom_comercial ORDER BY dat_ref DESC) linha
				          from fact.dw_f_bat221_prod_contratado_pos
				         where upper(dsc_categoria) like upper('%DESCONTO%')
				           and upper(dsc_status) like  upper('%ATIVO%')
				           and dat_ref >= '${PARAM_DATE_REF}') bat221
				WHERE bat221.linha = 1
              ]]></value>
	</property>

    <property>
		<name>subset-output-step3-orig</name>
		<value><![CDATA[

				create temporary table dw_r_conv_map_vendas_output_step3_orig stored as ORC
				as
        select sub.*
          from (select step3.*,
                       case when orig.num_ordem_siebel_orig is null and step3.dat_venda != '' then
                         step3.num_ordem_siebel
                       else
                         orig.num_ordem_siebel_orig
                       end o_num_ordem_siebel_orig,
                       orig.data_venda          o_data_venda,
                       orig.login_vendedor      o_login_vendedor,
                       orig.canal_venda         o_canal_venda,
                       orig.cnpj_parceiro_venda o_cnpj_parceiro_venda,
                       orig.custcode_pdv        o_custcode_pdv,
                       orig.nome_parceiro_venda o_nome_parceiro_venda,
                       row_number() over (partition by step3.row_id_item_ordem) o_linha
                  from dw_r_conv_map_vendas_output_step3 step3
                       left join dw_d_p609_siebel_bat509_order_60dias_orig orig
                             on (step3.num_ordem_siebel = orig.num_ordem_siebel)) sub
        where sub.o_linha = 1
				
              ]]></value>
	</property>

	<property>
		<name>subset-output-step4</name>
		<value><![CDATA[

				create temporary table dw_r_conv_map_vendas_output_step4 stored as ORC
				as
				select step3.dat_ref,
				       step3.dat_criacao_ordem,
				       step3.hora_criacao_da_ordem,
				       step3.dat_venda,
				       step3.hora_da_venda,
				       step3.dat_status_ordem,
				       step3.hr_status_ordem,
				       step3.num_ordem_siebel,
				       step3.o_num_ordem_siebel_orig num_ordem_siebel_orig,
				       step3.cod_contrato_oltp,
				       step3.cod_contrato_ativacao,
				       step3.numero_acesso,
				       step3.customer_id,
				       step3.tipo_documento,
				       step3.documento,
				       step3.tipo_venda,
				       step3.tipo_produto,
				       step3.velocidade_download,
				       step3.velocidade_upload,
				       step3.plano_ativacao_oferta,
				       step3.login_vendedor,
				       step3.canal,
				       step3.cnpj_parceiro,
				       step3.custcode,
				       step3.position,
				       step3.flg_canc_antes_venda,
				       step3.flg_canc_pos_venda,
				       step3.dt_canc_venda,
				       step3.motivo_cancelamento,
				       step3.nome_cliente,
				       step3.telefone,
				       step3.email_fatura,
				       step3.uf,
				       step3.tipo_logradouro,
				       step3.logradouro,
				       step3.numero,
				       step3.complemento,
				       step3.bairro,
				       step3.cep,
				       step3.cidade,
				       step3.status_ordem,
				       step3.tecnologia,
				       step3.forma_pagamento,
				       step3.tipo_conta,
				       step3.cod_banco,
				       step3.cod_agengia_bco,
				       step3.cod_conta_corrente,
				       step3.cod_debito_automatico,
				       step3.dia_vencimento,
				       step3.semana_venda,
				       step3.score,
				       step3.score_consumido,
				       step3.dt_finalizacao_ordem,
				       step3.qde_contratos,
				       step3.num_protocolo,
				       step3.flg_ordem_automatica,
				       step3.dsc_tx_recorrente,
				       step3.dsc_tx_nao_recorrente,
				       step3.dsc_status_item,
				       step3.nom_login_responsavel,
				       step3.flg_portabilidade,
				       step3.dsc_operadora_doadora,
				       step3.cod_ddd,
				       step3.num_telefone_portado,
				       step3.dat_janela_portabilidade,
				       step3.hora_da_janela,
				       step3.dsc_endereco_fatura,
				       step3.dsc_area_voip,
				       step3.cpe,
				       step3.ont,
				       step3.codigo_convergente,
				       step3.detalhe_recusa_crivo,
				       step3.item_root,
				       step3.login_cancelamento_ordem,
				       step3.custcode_cliente,
				       step3.dominio_root,
				       step3.cod_cont_financeira,
				       --step3.motivo_churn,
				       --step3.tipo_churn,
				       step3.nom_plano_atual,
				       step3.val_plano_atual_item,
				       case when step3.status_ordem in ('Concluído', 'Pendente Portabilidade') then
				         concat_ws("\\", collect_set(bat221.nom_comercial))
				       end nom_desconto_atual_item,
				       case when step3.status_ordem in ('Concluído', 'Pendente Portabilidade') then
				         concat_ws("\\", collect_set(coalesce(coalesce(coalesce(bat513.vlr_recorrente, bat513grp1.vlr_recorrente), bat513grp2.vlr_recorrente), bat513grp3.vlr_recorrente)))
				       end val_desconto_atual_item,
				       step3.nro_ordem,
				       step3.acesso_row_id,
				       step3.acesso_row_id_root,
				       step3.codigo_produto,
				       step3.flg_venda_submetida,
				       step3.flg_venda_duplicada,
				       case when step3.num_ordem_siebel = step3.o_num_ordem_siebel_orig then 1 else 0 end flg_venda_bruta,
				       step3.flg_venda_liquida,
				       step3.flg_canc_dupl,
				       step3.flg_canc_liquido,
				       step3.nome_parceiro_venda,
				       step3.nome_parceiro_venda_orig,
				       step3.row_id_item_ordem,
				       step3.row_id_item_ordem_pai,
				       step3.categoria_item_order,
				       step3.msan_olt_venda,
					   step3.dt_conclusao_wfm,
					   step3.dsc_status_ordem_wfm,
					   step3.dat_status_wfm,
					   step3.hora_status_wfm,
				       step3.id_recurso_wfm,
					   step3.nom_recurso_wfm,
					   step3.id_recurso_pai_wfm,
					   step3.dat_primeiro_agend,
					   step3.hora_primeiro_agendamento,
					   step3.dat_agend_atual,
					   step3.hora_agendamento_atual,
					   step3.dsc_status_ativacao,
					   step3.msan_olt_trafego,
				       case when step3.num_ordem_siebel = step3.o_num_ordem_siebel_orig then step3.dat_venda else from_unixtime(unix_timestamp(step3.o_data_venda, 'MM/dd/yyyy HH:mm:ss'), 'MM/dd/yyyy') end dat_venda_orig,
		       		 case when step3.num_ordem_siebel = step3.o_num_ordem_siebel_orig then step3.hora_da_venda else from_unixtime(unix_timestamp(step3.o_data_venda, 'MM/dd/yyyy HH:mm:ss'), 'HH:mm:ss') end hora_venda_orig,
		       		   case when step3.num_ordem_siebel = step3.o_num_ordem_siebel_orig then step3.login_vendedor else step3.o_login_vendedor end login_vendedor_orig,
		       		   case when step3.num_ordem_siebel = step3.o_num_ordem_siebel_orig then step3.canal_orig else step3.o_canal_venda end canal_orig,
		       		   case when step3.num_ordem_siebel = step3.o_num_ordem_siebel_orig then step3.cnpj_parceiro_orig else step3.o_cnpj_parceiro_venda end cnpj_parceiro_orig,
		       		   case when step3.num_ordem_siebel = step3.o_num_ordem_siebel_orig then step3.custcode_orig else step3.o_custcode_pdv end custcode_orig,
		       		   case when step3.num_ordem_siebel = step3.o_num_ordem_siebel_orig then step3.position_orig else step3.o_nome_parceiro_venda end position_orig,
		       		   case when step3.num_ordem_siebel = step3.o_num_ordem_siebel_orig then concat(lpad(weekofyear(from_unixtime(unix_timestamp(step3.dat_venda, 'MM/dd/yyyy'), 'yyyy-MM-dd')), 2, '0'), '-', from_unixtime(unix_timestamp(step3.dat_venda, 'MM/dd/yyyy'), 'yy')) else concat(lpad(weekofyear(from_unixtime(unix_timestamp(step3.o_data_venda, 'MM/dd/yyyy'), 'yyyy-MM-dd')), 2, '0'), '-', from_unixtime(unix_timestamp(step3.o_data_venda, 'MM/dd/yyyy'), 'yy')) end as semana_venda_orig
				  from dw_r_conv_map_vendas_output_step3_orig step3
				       left join dw_f_bat221_prod_contratado_pos_max bat221
				              on (step3.cod_contrato_oltp = bat221.cod_contrato_billing)
				       left join dw_f_bat513_ctlg_prod_sblpos_max bat513
				              on (step3.nom_plano_atual = bat513.segmento
				             and bat221.nom_comercial = bat513.nom_produto
				             and step3.uf = bat513.uf_vigencia)
				       left join (select nom_produto, segmento, vlr_recorrente
				                    from dw_f_bat513_ctlg_prod_sblpos_max
				                   group by nom_produto, segmento, vlr_recorrente) bat513grp1
				              on (step3.nom_plano_atual = bat513grp1.segmento
				             and bat221.nom_comercial = bat513grp1.nom_produto
				             and bat513.vlr_recorrente is null)
				       left join (select nom_produto, uf_vigencia, vlr_recorrente
				                    from dw_f_bat513_ctlg_prod_sblpos_max                   
				                   group by nom_produto, uf_vigencia, vlr_recorrente) bat513grp2
				              on (bat221.nom_comercial = bat513grp2.nom_produto
				             and step3.uf = bat513grp2.uf_vigencia
				             and bat513grp1.vlr_recorrente is null)
				       left join (select nom_produto, vlr_recorrente
				                    from dw_f_bat513_ctlg_prod_sblpos_max           
				                   group by nom_produto, vlr_recorrente) bat513grp3
				              on (bat221.nom_comercial = bat513grp3.nom_produto
				              and bat513grp2.vlr_recorrente is null)
				 group by step3.dat_ref,
				          step3.dat_criacao_ordem,
				          step3.hora_criacao_da_ordem,
				          step3.dat_venda,
				          step3.hora_da_venda,
				          step3.dat_status_ordem,
				          step3.hr_status_ordem,
				          step3.num_ordem_siebel,
				          step3.o_num_ordem_siebel_orig,
				          step3.cod_contrato_oltp,
				          step3.cod_contrato_ativacao,
				          step3.numero_acesso,
				          step3.customer_id,
				          step3.tipo_documento,
				          step3.documento,
				          step3.tipo_venda,
				          step3.tipo_produto,
				          step3.velocidade_download,
				          step3.velocidade_upload,
				          step3.plano_ativacao_oferta,
				          step3.login_vendedor,
				          step3.canal,
				          step3.cnpj_parceiro,
				          step3.custcode,
				          step3.position,
				          step3.flg_canc_antes_venda,
				          step3.flg_canc_pos_venda,
				          step3.dt_canc_venda,
				          step3.motivo_cancelamento,
				          step3.nome_cliente,
				          step3.telefone,
				          step3.email_fatura,
				          step3.uf,
				          step3.tipo_logradouro,
				          step3.logradouro,
				          step3.numero,
				          step3.complemento,
				          step3.bairro,
				          step3.cep,
				          step3.cidade,
				          step3.status_ordem,
				          step3.tecnologia,
				          step3.forma_pagamento,
				          step3.tipo_conta,
				          step3.cod_banco,
				          step3.cod_agengia_bco,
				          step3.cod_conta_corrente,
				          step3.cod_debito_automatico,
				          step3.dia_vencimento,
				          step3.semana_venda,
				          step3.score,
				          step3.score_consumido,
				          step3.dt_finalizacao_ordem,
				          step3.qde_contratos,
				          step3.num_protocolo,
				          step3.flg_ordem_automatica,
				          step3.dsc_tx_recorrente,
				          step3.dsc_tx_nao_recorrente,
				          step3.dsc_status_item,
				          step3.nom_login_responsavel,
				          step3.flg_portabilidade,
				          step3.dsc_operadora_doadora,
				          step3.cod_ddd,
				          step3.num_telefone_portado,
				          step3.dat_janela_portabilidade,
				          step3.hora_da_janela,
				          step3.dsc_endereco_fatura,
				          step3.dsc_area_voip,
				          step3.cpe,
				          step3.ont,
				          step3.codigo_convergente,
				          step3.detalhe_recusa_crivo,
				          step3.item_root,
				          step3.login_cancelamento_ordem,
				          step3.custcode_cliente,
				          step3.dominio_root,
				          step3.cod_cont_financeira,
				          --step3.motivo_churn,
				          --step3.tipo_churn,
				          step3.nom_plano_atual,
				          step3.val_plano_atual_item,       
				          step3.nro_ordem,
				          step3.acesso_row_id,
				          step3.acesso_row_id_root,
				          step3.codigo_produto,
				          step3.flg_venda_submetida,
				          step3.flg_venda_duplicada,
				          case when step3.num_ordem_siebel = step3.o_num_ordem_siebel_orig then 1 else 0 end,
				          step3.flg_venda_liquida,
				          step3.flg_canc_dupl,
				          step3.flg_canc_liquido,
				          step3.nome_parceiro_venda,
				          step3.nome_parceiro_venda_orig,
				          step3.row_id_item_ordem,
				          step3.row_id_item_ordem_pai,
				          step3.categoria_item_order,
				          step3.categoria_item_order,
				          step3.msan_olt_venda,
					      step3.dt_conclusao_wfm,
					      step3.dsc_status_ordem_wfm,
					      step3.dat_status_wfm,
					      step3.hora_status_wfm,
				          step3.id_recurso_wfm,
					      step3.nom_recurso_wfm,
					      step3.id_recurso_pai_wfm,
					      step3.dat_primeiro_agend,
					      step3.hora_primeiro_agendamento,
					      step3.dat_agend_atual,
					      step3.hora_agendamento_atual,
					      step3.dsc_status_ativacao,
                          step3.msan_olt_trafego,
				          case when step3.num_ordem_siebel = step3.o_num_ordem_siebel_orig then step3.dat_venda else from_unixtime(unix_timestamp(step3.o_data_venda, 'MM/dd/yyyy HH:mm:ss'), 'MM/dd/yyyy') end,
		       		      case when step3.num_ordem_siebel = step3.o_num_ordem_siebel_orig then step3.hora_da_venda else from_unixtime(unix_timestamp(step3.o_data_venda, 'MM/dd/yyyy HH:mm:ss'), 'HH:mm:ss') end,
		       		      case when step3.num_ordem_siebel = step3.o_num_ordem_siebel_orig then step3.login_vendedor else step3.o_login_vendedor end,
		       		      case when step3.num_ordem_siebel = step3.o_num_ordem_siebel_orig then step3.canal_orig else step3.o_canal_venda end,
		       		      case when step3.num_ordem_siebel = step3.o_num_ordem_siebel_orig then step3.cnpj_parceiro_orig else step3.o_cnpj_parceiro_venda end,
		       		      case when step3.num_ordem_siebel = step3.o_num_ordem_siebel_orig then step3.custcode_orig else step3.o_custcode_pdv end,
		       		      case when step3.num_ordem_siebel = step3.o_num_ordem_siebel_orig then step3.position_orig else step3.o_nome_parceiro_venda end,
		       		      case when step3.num_ordem_siebel = step3.o_num_ordem_siebel_orig then concat(lpad(weekofyear(from_unixtime(unix_timestamp(step3.dat_venda, 'MM/dd/yyyy'), 'yyyy-MM-dd')), 2, '0'), '-', from_unixtime(unix_timestamp(step3.dat_venda, 'MM/dd/yyyy'), 'yy')) else concat(lpad(weekofyear(from_unixtime(unix_timestamp(step3.o_data_venda, 'MM/dd/yyyy'), 'yyyy-MM-dd')), 2, '0'), '-', from_unixtime(unix_timestamp(step3.o_data_venda, 'MM/dd/yyyy'), 'yy')) end
              ]]></value>
	</property>

	<property>
		<name>subset-output-step5-pre</name>
		<value><![CDATA[
    
        create temporary table dw_r_conv_map_vendas_output_step5_pre stored as ORC
        as
        select sub.cod_contrato_oltp, sub.status_ordem, sub.msisdn, sub.nome_plano
          from (select step4.cod_contrato_oltp,
                       step4.status_ordem,
                       bat223.msisdn,
                       bat223.nome_plano,
                       row_number() over (partition by step4.cod_contrato_oltp, bat223.msisdn, bat223.nome_plano order by bat223.dat_ref desc) linha
                  from dw_r_conv_map_vendas_output_step4 step4
                       inner join dw_d_p609_siebel_bat223_max bat223
                               on (step4.cod_contrato_oltp = bat223.numero_contrato)
                 where step4.status_ordem in ('Concluído', 'Pendente Portabilidade')
                   and step4.nom_plano_atual != bat223.nome_plano) sub
          where sub.linha = 1
    
              ]]></value>
	</property>
  
	<property>
		<name>subset-output-step5</name>
		<value><![CDATA[
    
        create temporary table dw_r_conv_map_vendas_output_step5 stored as ORC
        as
        select step4.dat_ref,
               step4.dat_criacao_ordem,
               step4.hora_criacao_da_ordem,
               step4.dat_venda,
               step4.hora_da_venda,
               step4.dat_status_ordem,
               step4.hr_status_ordem,
               step4.num_ordem_siebel,
               step4.num_ordem_siebel_orig,
               step4.cod_contrato_oltp,
               step4.cod_contrato_ativacao,
               step4.numero_acesso,
               step4.customer_id,
               step4.tipo_documento,
               step4.documento,
               step4.tipo_venda,
               step4.tipo_produto,
               step4.velocidade_download,
               step4.velocidade_upload,
               step4.plano_ativacao_oferta,
               step4.login_vendedor,
               step4.canal,
               step4.cnpj_parceiro,
               step4.custcode,
               step4.position,
               step4.flg_canc_antes_venda,
               step4.flg_canc_pos_venda,
               step4.dt_canc_venda,
               step4.motivo_cancelamento,
               step4.nome_cliente,
               step4.telefone,
               step4.email_fatura,
               step4.uf,
               step4.tipo_logradouro,
               step4.logradouro,
               step4.numero,
               step4.complemento,
               step4.bairro,
               step4.cep,
               step4.cidade,
               step4.status_ordem,
               step4.tecnologia,
               step4.forma_pagamento,
               step4.tipo_conta,
               step4.cod_banco,
               step4.cod_agengia_bco,
               step4.cod_conta_corrente,
               step4.cod_debito_automatico,
               step4.dia_vencimento,
               step4.semana_venda,
               step4.score,
               step4.score_consumido,
               step4.dt_finalizacao_ordem,
               step4.qde_contratos,
               step4.num_protocolo,
               step4.flg_ordem_automatica,
               step4.dsc_tx_recorrente,
               step4.dsc_tx_nao_recorrente,
               step4.dsc_status_item,
               step4.nom_login_responsavel,
               step4.flg_portabilidade,
               step4.dsc_operadora_doadora,
               step4.cod_ddd,
               step4.num_telefone_portado,
               step4.dat_janela_portabilidade,
               step4.hora_da_janela,
               step4.dsc_endereco_fatura,
               step4.dsc_area_voip,
               step4.cpe,
               step4.ont,
               step4.codigo_convergente,
               step4.detalhe_recusa_crivo,
               step4.item_root,
               step4.login_cancelamento_ordem,
               step4.custcode_cliente,
               step4.dominio_root,
               step4.cod_cont_financeira,
               --step4.val_plano_atual_item,
               step4.nom_desconto_atual_item,
               step4.val_desconto_atual_item,
               step4.nro_ordem,
               step4.acesso_row_id,
               step4.acesso_row_id_root,
               step4.codigo_produto,
               step4.flg_venda_submetida,
               step4.flg_venda_duplicada,
               step4.flg_venda_bruta,
               step4.flg_venda_liquida,
               step4.flg_canc_dupl,
               step4.flg_canc_liquido,
               step4.nome_parceiro_venda,
               step4.nome_parceiro_venda_orig,
               step4.row_id_item_ordem,
               step4.row_id_item_ordem_pai,
               step4.categoria_item_order,
               step4.msan_olt_venda,
			   step4.dt_conclusao_wfm,
			   step4.dsc_status_ordem_wfm,
			   step4.dat_status_wfm,
			   step4.hora_status_wfm,
			   step4.id_recurso_wfm,
			   step4.nom_recurso_wfm,
			   step4.id_recurso_pai_wfm,
			   step4.dat_primeiro_agend,
			   step4.hora_primeiro_agendamento,
			   step4.dat_agend_atual,
			   step4.hora_agendamento_atual,
			   step4.dsc_status_ativacao,
               step4.msan_olt_trafego,
               step4.dat_venda_orig,
               step4.hora_venda_orig,
               step4.login_vendedor_orig,
               step4.canal_orig,
               step4.cnpj_parceiro_orig,
               step4.custcode_orig,
               step4.position_orig,
               step4.semana_venda_orig,
               step5.msisdn cod_contrato_atual,       
               coalesce(step5.nome_plano, step4.nom_plano_atual) nom_plano_atual
          from dw_r_conv_map_vendas_output_step4 step4
               left join dw_r_conv_map_vendas_output_step5_pre step5
                      on (step4.cod_contrato_oltp = step5.cod_contrato_oltp)
    
              ]]></value>
	</property>
  
	<property>
		<name>subset-output-step6</name>
		<value><![CDATA[
    
        create temporary table dw_r_conv_map_vendas_output_step6 stored as ORC
        as
        select step5.dat_ref,
               step5.dat_criacao_ordem,
               step5.hora_criacao_da_ordem,
               step5.dat_venda,
               step5.hora_da_venda,
               step5.dat_status_ordem,
               step5.hr_status_ordem,
               step5.num_ordem_siebel,
               step5.num_ordem_siebel_orig,
               step5.cod_contrato_oltp,
               step5.cod_contrato_ativacao,
               step5.numero_acesso,
               step5.customer_id,
               step5.tipo_documento,
               step5.documento,
               step5.tipo_venda,
               step5.tipo_produto,
               step5.velocidade_download,
               step5.velocidade_upload,
               step5.plano_ativacao_oferta,
               step5.login_vendedor,
               step5.canal,
               step5.cnpj_parceiro,
               step5.custcode,
               step5.position,
               step5.flg_canc_antes_venda,
               step5.flg_canc_pos_venda,
               step5.dt_canc_venda,
               step5.motivo_cancelamento,
               step5.nome_cliente,
               step5.telefone,
               step5.email_fatura,
               step5.uf,
               step5.tipo_logradouro,
               step5.logradouro,
               step5.numero,
               step5.complemento,
               step5.bairro,
               step5.cep,
               step5.cidade,
               step5.status_ordem,
               step5.tecnologia,
               step5.forma_pagamento,
               step5.tipo_conta,
               step5.cod_banco,
               step5.cod_agengia_bco,
               step5.cod_conta_corrente,
               step5.cod_debito_automatico,
               step5.dia_vencimento,
               step5.semana_venda,
               step5.score,
               step5.score_consumido,
               step5.dt_finalizacao_ordem,
               step5.qde_contratos,
               step5.num_protocolo,
               step5.flg_ordem_automatica,
               step5.dsc_tx_recorrente,
               step5.dsc_tx_nao_recorrente,
               step5.dsc_status_item,
               step5.nom_login_responsavel,
               step5.flg_portabilidade,
               step5.dsc_operadora_doadora,
               step5.cod_ddd,
               step5.num_telefone_portado,
               step5.dat_janela_portabilidade,
               step5.hora_da_janela,
               step5.dsc_endereco_fatura,
               step5.dsc_area_voip,
               step5.cpe,
               step5.ont,
               step5.codigo_convergente,
               step5.detalhe_recusa_crivo,
               step5.item_root,
               step5.login_cancelamento_ordem,
               step5.custcode_cliente,
               step5.dominio_root,
               step5.cod_cont_financeira,
               coalesce(bat513.vlr_recorrente, bat513grp.vlr_recorrente) val_plano_atual_item,
               step5.nom_desconto_atual_item,
               step5.val_desconto_atual_item,
               step5.nro_ordem,
               step5.acesso_row_id,
               step5.acesso_row_id_root,
               step5.codigo_produto,
               step5.flg_venda_submetida,
               step5.flg_venda_duplicada,
               step5.flg_venda_bruta,
               step5.flg_venda_liquida,
               step5.flg_canc_dupl,
               step5.flg_canc_liquido,
               step5.nome_parceiro_venda,
               step5.nome_parceiro_venda_orig,
               step5.row_id_item_ordem,
               step5.row_id_item_ordem_pai,
               step5.categoria_item_order,
               step5.msan_olt_venda,
			   step5.dt_conclusao_wfm,
			   step5.dsc_status_ordem_wfm,
			   step5.dat_status_wfm,
			   step5.hora_status_wfm,
			   step5.id_recurso_wfm,
			   step5.nom_recurso_wfm,
			   step5.id_recurso_pai_wfm,
			   step5.dat_primeiro_agend,
			   step5.hora_primeiro_agendamento,
			   step5.dat_agend_atual,
			   step5.hora_agendamento_atual,
			   step5.dsc_status_ativacao,
               step5.msan_olt_trafego,
               step5.dat_venda_orig,
               step5.hora_venda_orig,
               step5.login_vendedor_orig,
               step5.canal_orig,
               step5.cnpj_parceiro_orig,
               step5.custcode_orig,
               step5.position_orig,
               step5.semana_venda_orig,
               step5.cod_contrato_atual,
               step5.nom_plano_atual
          from dw_r_conv_map_vendas_output_step5 step5
               left join dw_f_bat513_ctlg_prod_sblpos_max bat513
                      on (step5.codigo_produto = bat513.id_siebel
                     and step5.uf = bat513.uf_vigencia)
               left join (select id_siebel, vlr_recorrente
                            from dw_f_bat513_ctlg_prod_sblpos_max                   
                           group by id_siebel,vlr_recorrente) bat513grp
                      on (step5.codigo_produto = bat513grp.id_siebel
                     and bat513.id_siebel is null)
    
              ]]></value>
	</property>
	
	
	<property>
		<name>subset-output-final-step4-login</name>
		<value><![CDATA[

			create temporary table dw_r_conv_map_vendas_output_step4_login_final stored as ORC
			as
			select step6.*,
			coalesce(bat511.nome, bat510.nom_vendedor) as nome_vendedor_orig,
			case when step6.dat_venda = '' then '0' when step6.flg_venda_bruta = '1' then '0' else '1' end fl_venda_duplicada
			from
				dw_r_conv_map_vendas_output_step6 step6
			left join 
				dw_r_conv_map_vendas_output_511_login_vendedor_original_max bat511 on bat511.row_id_item_ordem = step6.row_id_item_ordem
      left join 
        dw_r_conv_map_vendas_output_510_login_vendedor_original_max bat510 on bat510.row_id_item_ordem = step6.row_id_item_ordem

              ]]></value>
	</property>

	<property>
		<name>subset-bat511-login-cancelamento-max</name>
		<value><![CDATA[
		
		create temporary table dw_r_conv_map_vendas_output_511_login_cancelamento_max stored as ORC
		as
		SELECT * from (
				select 
				m.row_id_item_ordem, 
				m.login_vendedor, 
				bat511.id_do_usuario, 
        concat(bat511.nome, ' ', bat511.sobrenome) as nome,
				ROW_NUMBER() OVER (PARTITION BY row_id_item_ordem ORDER BY row_id_item_ordem DESC) linha
				from  dw_r_conv_map_vendas_output_step4_login_final m
				left join aux.dw_d_icc_bat511_login_pos bat511 on m.login_cancelamento_ordem = bat511.id_do_usuario
				where bat511.dat_from_filename_part in (select  regexp_replace(max(from_unixtime(unix_timestamp(dat_from_filename_part, 'yyyyMMdd'), 'yyyy-MM-dd')),'-','') from aux.dw_d_icc_bat511_login_pos bat511)) sub
		where sub.linha = 1

              ]]></value>
	</property>

	<property>
		<name>subset-bat510-login-cancelamento-max</name>
		<value><![CDATA[

		create temporary table dw_r_conv_map_vendas_output_510_login_cancelamento_max stored as ORC
		as
		select * from (
				select 
				m.row_id_item_ordem, 
				m.login_vendedor, 
				bat510.login_vendedor as login_vendedor_bat510, 
				bat510.nom_vendedor,
				ROW_NUMBER() OVER (PARTITION BY row_id_item_ordem ORDER BY row_id_item_ordem DESC) linha
				from  dw_r_conv_map_vendas_output_step4_login_final m
				left join fact.dw_f_bat510_cad_vend_sblpos bat510 on m.login_cancelamento_ordem = bat510.login_vendedor
				where bat510.dat_ref in (select  regexp_replace(max(from_unixtime(unix_timestamp(dat_ref, 'yyyyMMdd'), 'yyyy-MM-dd')),'-','') from fact.dw_f_bat510_cad_vend_sblpos bat510)) sub
		where sub.linha = 1
		
              ]]></value>
	</property>

	<property>
		<name>subset-nome-vendedor</name>
		<value><![CDATA[
		
				create temporary table dw_r_conv_map_vendas_output_login_cancelamento stored as ORC
				as
				select
					m.*,
          '',
          '',
          '',
          '',
          '',
          '',
          '',
          '',
          '',-- esses são os campos de churn que serão preenchidos em um step futuro
				coalesce(bat511_login_vendedor.nome, bat510_login_vendedor.nom_vendedor) as nome_vendedor,
				coalesce(bat511_cancelamento.nome, bat510_cancelamento.nom_vendedor) as nome_usuario_canc_ordem
				from dw_r_conv_map_vendas_output_step4_login_final m
				left join dw_r_conv_map_vendas_output_511_login_vendedor_max bat511_login_vendedor on m.row_id_item_ordem = bat511_login_vendedor.row_id_item_ordem
				left join dw_r_conv_map_vendas_output_510_login_vendedor_max bat510_login_vendedor on m.row_id_item_ordem = bat510_login_vendedor.row_id_item_ordem
				left join dw_r_conv_map_vendas_output_511_login_cancelamento_max bat511_cancelamento on m.row_id_item_ordem = bat511_cancelamento.row_id_item_ordem
				left join dw_r_conv_map_vendas_output_510_login_cancelamento_max bat510_cancelamento on m.row_id_item_ordem = bat510_cancelamento.row_id_item_ordem

              ]]></value>
	</property>

	<property>
		<name>subset-bat22-max</name>
		<value><![CDATA[CREATE TEMPORARY TABLE dw_r_conv_map_vendas_output_bat22_max stored AS ORC AS
SELECT *
FROM (
    SELECT m.row_id_item_ordem
        ,bat222.e_mail
        ,ROW_NUMBER() OVER (
            PARTITION BY m.row_id_item_ordem ORDER BY bat222.dat_emissao DESC
            ) linha
    FROM dw_r_conv_map_vendas_output_login_cancelamento m
    LEFT JOIN fact.dw_f_siebel_bat222_cliente bat222 ON m.documento = bat222.socialsecno
    WHERE bat222.dat_ref IN (
            SELECT regexp_replace(max(from_unixtime(unix_timestamp(dat_ref, 'yyyyMMdd'), 'yyyy-MM-dd')), '-', '')
            FROM fact.dw_f_siebel_bat222_cliente
            )
              and bat222.nacionalidade = 'Brasil'
    ) sub
WHERE sub.linha = 1]]></value>
	</property>

	<property>
		<name>subset-bat222</name>
		<value><![CDATA[
		
				create temporary table dw_r_conv_map_vendas_output_bat222 stored as ORC
				as
				select
					m.*,
					bat222.e_mail as email_cliente
				from dw_r_conv_map_vendas_output_login_cancelamento m
				left join dw_r_conv_map_vendas_output_bat22_max bat222 on m.row_id_item_ordem = bat222.row_id_item_ordem

              ]]></value>
	</property>

	<property>
		<name>subset-output-final-step2</name>
		<value><![CDATA[
		
				insert overwrite table ${managed-table} partition(dat_ref)
                select 
                	*, dat_ref 
                from dw_r_conv_map_vendas_output_bat222
              ]]></value>
	</property>

</configuration>