<?xml version="1.0" encoding="UTF-8"?>
<configuration>

    <property>
        <name>managed-table</name>
        <value>reports.dw_r_conv_venda_e2e_refactoring</value>
    </property>
    
    <property>
        <name>external-table</name>
        <value>dw_r_conv_map_vendas_val_plano</value>
    </property>
    
	<property>
		<name>process-id</name>
		<value>MAPA_FINAL</value>
		<description>Processo para geração de relatório intraday de recarga
			detalhada.</description>
	</property>

	<property>
		<name>hive-name-querys</name>
		<value>subset-ext.tmp_dw_r_conv_map_vendas_final-tmp,
			subset-prod-sblpos-max,
			subset-prod-sblpos-max-val-desconto, subset-prod-sblpos-max-download-upload,
			subset-prod-sblpos-max-val-plano-item, subset-planos-sem-pai,
			subset-planos-sem-pai-nome-plano,
			subset-planos-sem-pai-val-plano1,
			subset-planos-sem-pai-val-plano2,subset-gross-max, subset-fl-gross,
			subset-churn-max, subset-fl-churn, subset-motivo-ordem-churn-max,
			subset-motivo-ordem-churn, subset-tipo-churn-max,subset-tipo-churn,
			subset-ordem-chun-max,subset-conclusao-churn,subset-tecnologia,subset-final-ext-pai,
			subset-final-export-gpdb
		</value>
		<description>Poderá ser adicionada uma ou mais querys</description>
	</property>

	<property>
		<name>context-class</name>
		<value>br.com.tim.hive.HiveContextHdpFinal</value>
	</property>


	<property>
		<name>hiveingestion.tez.queue.name</name>
		<value>etl_med</value>
	</property>

	<property>
		<name>PARAM_DATE_REF</name>
		<value></value>
	</property>

	<property>
		<name>PARAM_DATE_REF_BAT513</name>
		<value></value>
	</property>

	<property>
		<name>output-path</name>
		<value>${environment}/work/convergencia/mapas_vendas/venda_e2e_refactoring/gpdb_input/${TIMESTAMP}/</value>
	</property>

	<property>
		<name>hiveingestion.hive.enforce.bucketing</name>
		<value>true</value>
	</property>

	<property>
		<name>hiveingestion.hive.exec.compress.output</name>
		<value>false</value>
	</property>

	<property>
		<name>subset-ext.tmp_dw_r_conv_map_vendas_final-tmp</name>
		<value><![CDATA[create temporary table tmp_dw_r_conv_map_vendas_final stored as ORC AS select * from ext.dw_r_conv_map_vendas_final]]></value>
	</property>  
  
  <property>
		<name>subset-prod-sblpos-max</name>
		<value><![CDATA[

				create temporary table dw_f_bat513_ctlg_prod_sblpos_max stored as ORC
				AS
				SELECT bat513.*
			  FROM (SELECT id_siebel,
			               uf_vigencia,
			               velocidade_download,
			               velocidade_upload,
			               segmento,
			               nom_produto,
			               vlr_recorrente,
			               dat_ref,
			               ROW_NUMBER() OVER (PARTITION BY id_siebel, uf_vigencia, velocidade_download, velocidade_upload, segmento, nom_produto, vlr_recorrente ORDER BY dat_ref DESC) linha
			          FROM fact.dw_f_bat513_ctlg_prod_sblpos
			         WHERE dat_ref = '${PARAM_DATE_REF_BAT513}') bat513
			WHERE bat513.linha = 1
              ]]></value>
	</property>

	<property>
		<name>subset-prod-sblpos-max-val-desconto</name>
		<value><![CDATA[
	              create temporary table dw_r_conv_map_vendas_valor_recorrente stored as ORC
	              AS
					select 
						step3.datref,
						step3.dat_criacao_ordem,
						step3.hora_criacao_da_ordem,
						step3.dat_venda,
						step3.hora_da_venda,
						step3.dat_status_ordem,
						step3.hr_status_ordem,
						step3.num_ordem_siebel,
						step3.num_ordem_siebel_orig,
						step3.cod_contrato_oltp,
						step3.cod_contrato_ativacao,
						step3.numero_acesso,
						step3.customer_id,
						step3.tipo_documento,
						step3.documento,
						step3.tipo_venda,
						step3.tipo_produto,
						step3.velocidade_download,
						step3.velocidade_upload,
						step3.plano_ativacao_oferta,
						step3.login_vendedor,
						step3.canal,
						step3.cnpj_parceiro,
						step3.custcode,
						step3.position,
						step3.flg_canc_antes_venda,
						step3.flg_canc_pos_venda,
						step3.dt_canc_venda,
						step3.motivo_cancelamento,
						step3.nome_cliente,
						step3.telefone,
						step3.email_fatura,
						step3.uf,
						step3.tipo_logradouro,
						step3.logradouro,
						step3.numero,
						step3.complemento,
						step3.bairro,
						step3.cep,
						step3.cidade,
						step3.status_ordem,
						step3.tecnologia,
						step3.forma_pagamento,
						step3.tipo_conta,
						step3.cod_banco,
						step3.cod_agengia_bco,
						step3.cod_conta_corrente,
						step3.cod_debito_automatico,
						step3.dia_vencimento,
						step3.semana_venda,
						step3.score,
						step3.score_consumido,
						step3.dt_finalizacao_ordem,
						step3.qde_contratos,
						step3.num_protocolo,
						step3.flg_ordem_automatica,
						step3.dsc_tx_recorrente,
						step3.dsc_tx_nao_recorrente,
						step3.dsc_status_item,
						step3.nom_login_responsavel,
						step3.flg_portabilidade,
						step3.dsc_operadora_doadora,
						step3.cod_ddd,
						step3.num_telefone_portado,
						step3.dat_janela_portabilidade,
						step3.hora_da_janela,
						step3.dsc_endereco_fatura,
						step3.dsc_area_voip,
						step3.cpe,
						step3.ont,
						step3.codigo_convergente,
						step3.detalhe_recusa_crivo,
						step3.item_root,
						step3.login_cancelamento_ordem,
						step3.custcode_cliente,
						step3.dominio_root,
						step3.cod_cont_financeira,
						step3.val_plano_atual_item,
						step3.nom_desconto_atual_item,
						step3.val_desconto_atual_item,
						step3.nro_ordem,
						step3.acesso_row_id,
						step3.acesso_row_id_root,
						step3.codigo_produto,
						step3.flg_venda_submetida,
						step3.flg_venda_duplicada,
						step3.flg_venda_bruta,
						step3.flg_venda_liquida,
						step3.flg_canc_dupl,
						step3.flg_canc_liquido,
						step3.nome_parceiro_venda,
						step3.nome_parceiro_venda_orig,
						step3.row_id_item_ordem,
						step3.row_id_item_ordem_pai,
						step3.categoria_item_order,
						step3.msan_olt_venda,
						step3.dt_conclusao_wfm,
						step3.dsc_status_ordem_wfm,
						step3.dat_status_wfm,
						step3.hora_status_wfm,
						step3.id_recurso_wfm,
						step3.nom_recurso_wfm,
						step3.id_recurso_pai_wfm,
						step3.dat_primeiro_agend,
						step3.hora_primeiro_agendamento,
						step3.dat_agend_atual,
						step3.hora_agendamento_atual,
						step3.dsc_status_ativacao,
						step3.msan_olt_trafego,
						step3.dat_venda_orig,
						step3.hora_venda_orig,
						step3.login_vendedor_orig,
						step3.canal_orig,
						step3.cnpj_parceiro_orig,
						step3.custcode_orig,
						step3.position_orig,
						step3.semana_venda_orig,
						step3.cod_contrato_atual,
						step3.nom_plano_atual,
						step3.nome_vendedor_orig,
						step3.fl_venda_duplicada,
						step3.fl_gross,
						step3.dt_gross,
						step3.fl_churn,
						step3.dt_churn,
						step3.motivo_churn,
						step3.cod_ordem_churn,
						step3.tipo_churn,
						step3.dt_criacao_ordem_churn,
						step3.dt_conclusao_ordem_churn,
						step3.nome_vendedor,
						step3.nome_usuario_canc_ordem,
						step3.email_cliente,
						case when step3.status_ordem in ('Concluído', 'Pendente Portabilidade') then
				        concat_ws("\\", collect_set(coalesce(coalesce(coalesce(bat513.vlr_recorrente, bat513grp1.vlr_recorrente), bat513grp2.vlr_recorrente), bat513grp3.vlr_recorrente)))
				       end val_desconto_atual_item_new
					from tmp_dw_r_conv_map_vendas_final step3
					left join dw_f_bat513_ctlg_prod_sblpos_max bat513
				              on (step3.nom_plano_atual = bat513.segmento
				             and step3.nom_desconto_atual_item = bat513.nom_produto
				             and step3.uf = bat513.uf_vigencia)
				       left join (select nom_produto, segmento, vlr_recorrente
				                    from dw_f_bat513_ctlg_prod_sblpos_max
				                   group by nom_produto, segmento, vlr_recorrente) bat513grp1
				              on (step3.nom_plano_atual = bat513grp1.segmento
				             and step3.nom_desconto_atual_item = bat513grp1.nom_produto
				             and bat513.vlr_recorrente is null)
				       left join (select nom_produto, uf_vigencia, vlr_recorrente
				                    from dw_f_bat513_ctlg_prod_sblpos_max                   
				                   group by nom_produto, uf_vigencia, vlr_recorrente) bat513grp2
				              on (step3.nom_desconto_atual_item = bat513grp2.nom_produto
				             and step3.uf = bat513grp2.uf_vigencia
				             and bat513grp1.vlr_recorrente is null)
				       left join (select nom_produto, vlr_recorrente
				                    from dw_f_bat513_ctlg_prod_sblpos_max           
				                   group by nom_produto, vlr_recorrente) bat513grp3
				              on (step3.nom_desconto_atual_item = bat513grp3.nom_produto
				              and bat513grp2.vlr_recorrente is null)
				    group by
				    	step3.datref,
						step3.dat_criacao_ordem,
						step3.hora_criacao_da_ordem,
						step3.dat_venda,
						step3.hora_da_venda,
						step3.dat_status_ordem,
						step3.hr_status_ordem,
						step3.num_ordem_siebel,
						step3.num_ordem_siebel_orig,
						step3.cod_contrato_oltp,
						step3.cod_contrato_ativacao,
						step3.numero_acesso,
						step3.customer_id,
						step3.tipo_documento,
						step3.documento,
						step3.tipo_venda,
						step3.tipo_produto,
						step3.velocidade_download,
						step3.velocidade_upload,
						step3.plano_ativacao_oferta,
						step3.login_vendedor,
						step3.canal,
						step3.cnpj_parceiro,
						step3.custcode,
						step3.position,
						step3.flg_canc_antes_venda,
						step3.flg_canc_pos_venda,
						step3.dt_canc_venda,
						step3.motivo_cancelamento,
						step3.nome_cliente,
						step3.telefone,
						step3.email_fatura,
						step3.uf,
						step3.tipo_logradouro,
						step3.logradouro,
						step3.numero,
						step3.complemento,
						step3.bairro,
						step3.cep,
						step3.cidade,
						step3.status_ordem,
						step3.tecnologia,
						step3.forma_pagamento,
						step3.tipo_conta,
						step3.cod_banco,
						step3.cod_agengia_bco,
						step3.cod_conta_corrente,
						step3.cod_debito_automatico,
						step3.dia_vencimento,
						step3.semana_venda,
						step3.score,
						step3.score_consumido,
						step3.dt_finalizacao_ordem,
						step3.qde_contratos,
						step3.num_protocolo,
						step3.flg_ordem_automatica,
						step3.dsc_tx_recorrente,
						step3.dsc_tx_nao_recorrente,
						step3.dsc_status_item,
						step3.nom_login_responsavel,
						step3.flg_portabilidade,
						step3.dsc_operadora_doadora,
						step3.cod_ddd,
						step3.num_telefone_portado,
						step3.dat_janela_portabilidade,
						step3.hora_da_janela,
						step3.dsc_endereco_fatura,
						step3.dsc_area_voip,
						step3.cpe,
						step3.ont,
						step3.codigo_convergente,
						step3.detalhe_recusa_crivo,
						step3.item_root,
						step3.login_cancelamento_ordem,
						step3.custcode_cliente,
						step3.dominio_root,
						step3.cod_cont_financeira,
						step3.val_plano_atual_item,
						step3.nom_desconto_atual_item,
						step3.val_desconto_atual_item,
						step3.nro_ordem,
						step3.acesso_row_id,
						step3.acesso_row_id_root,
						step3.codigo_produto,
						step3.flg_venda_submetida,
						step3.flg_venda_duplicada,
						step3.flg_venda_bruta,
						step3.flg_venda_liquida,
						step3.flg_canc_dupl,
						step3.flg_canc_liquido,
						step3.nome_parceiro_venda,
						step3.nome_parceiro_venda_orig,
						step3.row_id_item_ordem,
						step3.row_id_item_ordem_pai,
						step3.categoria_item_order,
						step3.msan_olt_venda,
						step3.dt_conclusao_wfm,
						step3.dsc_status_ordem_wfm,
						step3.dat_status_wfm,
						step3.hora_status_wfm,
						step3.id_recurso_wfm,
						step3.nom_recurso_wfm,
						step3.id_recurso_pai_wfm,
						step3.dat_primeiro_agend,
						step3.hora_primeiro_agendamento,
						step3.dat_agend_atual,
						step3.hora_agendamento_atual,
						step3.dsc_status_ativacao,
						step3.msan_olt_trafego,
						step3.dat_venda_orig,
						step3.hora_venda_orig,
						step3.login_vendedor_orig,
						step3.canal_orig,
						step3.cnpj_parceiro_orig,
						step3.custcode_orig,
						step3.position_orig,
						step3.semana_venda_orig,
						step3.cod_contrato_atual,
						step3.nom_plano_atual,
						step3.nome_vendedor_orig,
						step3.fl_venda_duplicada,
						step3.fl_gross,
						step3.dt_gross,
						step3.fl_churn,
						step3.dt_churn,
						step3.motivo_churn,
						step3.cod_ordem_churn,
						step3.tipo_churn,
						step3.dt_criacao_ordem_churn,
						step3.dt_conclusao_ordem_churn,
						step3.nome_vendedor,
						step3.nome_usuario_canc_ordem,
						step3.email_cliente

              ]]></value>
	</property>

	<property>
		<name>subset-prod-sblpos-max-download-upload</name>
		<value><![CDATA[
				create temporary table dw_r_conv_map_vendas_download_upload stored as ORC
				as
				select *
  				from (
					select 
					ord.*, 
					coalesce(bat513.velocidade_download, bat513grp.velocidade_download) as velocidade_download_new,
			        coalesce(bat513.velocidade_upload, bat513grp.velocidade_upload) as velocidade_upload_new,
			        row_number() over (partition by ord.row_id_item_ordem,
			                                               bat513.id_siebel,
			                                               bat513.uf_vigencia,
			                                               bat513grp.id_siebel
			                                               order by bat513.dat_ref desc,
			                                               bat513grp.dat_ref desc)linha
					from dw_r_conv_map_vendas_valor_recorrente ord
					left join dw_f_bat513_ctlg_prod_sblpos_max bat513
			                      on (ord.codigo_produto = bat513.id_siebel
			                     and ord.uf = bat513.uf_vigencia)
			               left join (select bat513.id_siebel, bat513.velocidade_download, bat513.velocidade_upload, bat513.dat_ref
			                            from dw_f_bat513_ctlg_prod_sblpos_max bat513                  
			                           group by bat513.id_siebel, bat513.velocidade_download, bat513.velocidade_upload, bat513.dat_ref) bat513grp
			                      on (ord.codigo_produto = bat513grp.id_siebel
			                     and bat513.id_siebel is null)) sub
			 			where sub.linha = 1
							
							
              ]]></value>
	</property>

	<property>
		<name>subset-prod-sblpos-max-val-plano-item</name>
		<value><![CDATA[
              create temporary table dw_r_conv_map_vendas_val_plano stored as ORC
              AS
				SELECT *
				FROM (
					SELECT step5.*
						,coalesce(bat513.vlr_recorrente, bat513grp.vlr_recorrente) val_plano_atual_item_new
						,row_number() OVER (
							PARTITION BY step5.row_id_item_ordem ORDER BY bat513.dat_ref DESC
								,bat513grp.dat_ref DESC
							) linha_plano
					FROM dw_r_conv_map_vendas_download_upload step5
					LEFT JOIN dw_f_bat513_ctlg_prod_sblpos_max bat513 ON (
							step5.codigo_produto = bat513.id_siebel
							AND step5.uf = bat513.uf_vigencia
							)
					LEFT JOIN (
						SELECT id_siebel
							,vlr_recorrente
							,dat_ref
						FROM dw_f_bat513_ctlg_prod_sblpos_max
						GROUP BY id_siebel
							,vlr_recorrente
							,dat_ref
						) bat513grp ON (
							step5.codigo_produto = bat513grp.id_siebel
							AND bat513.id_siebel IS NULL
							)
					) sub
				WHERE sub.linha_plano = 1
              ]]></value>
	</property>

	<property>
		<name>subset-planos-sem-pai</name>
		<value><![CDATA[
              create temporary table dw_r_conv_map_vendas_planos_sem_pai stored as ORC
              AS
              select sub.*
                from (select it_plano.*,
                             row_number() over (partition by it_plano.row_id_do_item_de_ordem order by it_plano.dat_ref desc) linha
                        from aux.dw_d_p609_siebel_bat509_itens it_plano
                             inner join aux.dw_d_p609_siebel_bat509_itens it_pai
                                     on (it_plano.numero_da_ordem = it_pai.numero_da_ordem
                                    and it_plano.row_id_do_item_de_ordem_pai = it_pai.row_id_do_item_de_ordem)
                       where it_plano.dat_ref = '${PARAM_DATE_REF}'
                         and it_plano.categoria_do_item_de_ordem = 'PLANO'
                         and it_pai.dat_ref != it_plano.dat_ref
                         and it_pai.row_id_do_item_de_ordem != it_plano.row_id_do_item_de_ordem) sub
               where sub.linha = 1
              ]]></value>
	</property>

	<property>
		<name>subset-planos-sem-pai-nome-plano</name>
		<value><![CDATA[
              create temporary table dw_r_conv_map_vendas_planos_sem_pai_nome_plano stored as ORC
              AS
              select sub.*
                from (select sem_pai.*,
                             bat223.nome_plano,
                             row_number() over (partition by sem_pai.row_id_do_item_de_ordem, bat223.nome_plano order by bat223.dat_ref desc) linha_plano
                        from dw_r_conv_map_vendas_planos_sem_pai sem_pai
                              left join aux.dw_d_p609_siebel_bat223 bat223
                                     on (sem_pai.id_acesso_bi = bat223.numero_contrato)
                       where bat223.dat_ref >= '${PARAM_DATE_REF}' or bat223.dat_ref is null) sub
               where sub.linha_plano = 1
              ]]></value>
	</property>

	<property>
		<name>subset-planos-sem-pai-val-plano1</name>
		<value><![CDATA[
              create temporary table dw_r_conv_map_vendas_planos_sem_pai_val_plano1 stored as ORC
              AS
              select sub.*
                from (select sem_pai.*,
                             bat513.vlr_recorrente vlr_recorrente1,
                             row_number() over (partition by sem_pai.row_id_do_item_de_ordem, bat513.vlr_recorrente order by bat513.dat_ref desc) linha_velo1
                        from dw_r_conv_map_vendas_planos_sem_pai_nome_plano sem_pai
                              left join fact.dw_f_bat513_ctlg_prod_sblpos bat513
                                     on (sem_pai.codigo_produto = bat513.id_siebel
                                    and sem_pai.uf_de_instalacao = bat513.uf_vigencia)
                       where bat513.dat_ref >= '${PARAM_DATE_REF}' or bat513.dat_ref is null) sub
               where sub.linha_velo1 = 1
              ]]></value>
	</property>

	<property>
		<name>subset-planos-sem-pai-val-plano2</name>
		<value><![CDATA[
              create temporary table dw_r_conv_map_vendas_planos_sem_pai_val_plano2 stored as ORC
              AS
              select sub.*
                from (select sem_pai.*,
                             coalesce(sem_pai.vlr_recorrente1, bat513.vlr_recorrente) vlr_recorrente,
                             row_number() over (partition by sem_pai.row_id_do_item_de_ordem, bat513.vlr_recorrente order by bat513.dat_ref desc) linha_velo2
                        from dw_r_conv_map_vendas_planos_sem_pai_val_plano1 sem_pai
                              left join fact.dw_f_bat513_ctlg_prod_sblpos bat513
                                     on (sem_pai.codigo_produto = bat513.id_siebel and sem_pai.nome_do_produto = bat513.nom_produto)
                       where (bat513.dat_ref >= '${PARAM_DATE_REF}' and bat513.segmento = '' and bat513.uf_vigencia = '') or bat513.dat_ref is null) sub
               where sub.linha_velo2 = 1
              ]]></value>
	</property>
	
	
	<property>
		<name>subset-gross-max</name>
		<value><![CDATA[

				create temporary table dw_r_conv_map_vendas_output_gross_max stored as ORC
				as
				select * from (
				      select 
				      m.row_id_item_ordem,
				      case when m.status_ordem not in ('Concluído', 'Pendente Portabilidade') then '0' when gross.cod_contrato_oltp is NULL THEN '0' ELSE '1' end as FL_GROSS,
				      case when m.status_ordem not in ('Concluído', 'Pendente Portabilidade') then '' when gross.cod_contrato_oltp is NULL THEN '' ELSE from_unixtime(unix_timestamp(gross.dat_gross, 'yyyy-MM-dd'), 'dd/MM/yyyy') end as DT_GROSS,
				      ROW_NUMBER() OVER (PARTITION BY m.row_id_item_ordem ORDER BY gross.dat_ref DESC) linha
				      FROM ${external-table} m
				      LEFT JOIN fact.dw_f_conv_contrato_gross gross on gross.cod_contrato_oltp = m.cod_contrato_oltp
				      where (regexp_replace(gross.dat_gross, '-','') between from_unixtime(unix_timestamp(m.dat_criacao_ordem, 'MM/dd/yyyy'), 'yyyyMMdd') and '${PARAM_DATE_REF}')) a 
				where a.linha =1

              ]]></value>
	</property>
	
	
	<property>
		<name>subset-fl-gross</name>
		<value><![CDATA[

				create temporary table dw_r_conv_map_vendas_output_fl_gross stored as ORC
				as
				select 
					m.*,
					case when i.FL_GROSS is null then '0' else i.FL_GROSS end as fl_gross_new,
					case when i.DT_GROSS is null then '' else i.DT_GROSS end as dt_gross_new
				from ${external-table} m
				left join dw_r_conv_map_vendas_output_gross_max i on m.row_id_item_ordem = i.row_id_item_ordem

              ]]></value>
	</property>
	
	<property>
		<name>subset-churn-max</name>
		<value><![CDATA[

				create temporary table dw_r_conv_map_vendas_output_fl_churn_max stored as ORC
				as
				select * from (
				          select 
				          m.row_id_item_ordem,
				          case when m.FL_GROSS_new = '0' then '0' when churn.cod_contrato_oltp is NULL then '0' else '1' end as FL_CHURN,
				          case when m.FL_GROSS_new = '0' then '' when churn.cod_contrato_oltp is NULL then '' else from_unixtime(unix_timestamp(churn.dat_churn, 'yyyy-MM-dd'), 'dd/MM/yyyy') end as DT_CHURN,
				          ROW_NUMBER() OVER (PARTITION BY m.row_id_item_ordem ORDER BY churn.dat_ref DESC) linha
				          FROM dw_r_conv_map_vendas_output_fl_gross m
				          LEFT JOIN fact.dw_f_conv_contrato_churn churn on  m.cod_contrato_oltp = churn.cod_contrato_oltp
				          where (regexp_replace(churn.dat_churn, '-','') between from_unixtime(unix_timestamp(m.dat_criacao_ordem, 'MM/dd/yyyy'), 'yyyyMMdd') and '${PARAM_DATE_REF}')) a 
				where a.linha = 1

              ]]></value>
	</property>
	
	<property>
		<name>subset-fl-churn</name>
		<value><![CDATA[
	
					create temporary table dw_r_conv_map_vendas_output_fl_churn stored as ORC
					as
					select 
						m.*,
						case when i.FL_CHURN is null then '0' else i.FL_CHURN end as FL_CHURN_NEW,
						case when i.DT_CHURN is null then '' else i.DT_CHURN end as DT_CHURN_NEW
					from dw_r_conv_map_vendas_output_fl_gross m
					left join dw_r_conv_map_vendas_output_fl_churn_max i on m.row_id_item_ordem = i.row_id_item_ordem
	
	              ]]></value>
	</property>
	
	<property>
		<name>subset-motivo-ordem-churn-max</name>
		<value><![CDATA[

				create temporary table dw_r_conv_map_vendas_output_motivo_ordem_churn_max stored as ORC
				as
				select * from (
				            select 
				            m.row_id_item_ordem,
				            case when m.FL_CHURN_new = '0' then '' else coalesce(item.motivo_do_status, "") end as MOTIVO_CHURN,
				            case when m.FL_CHURN_new = '0' then '' when item.motivo_do_status is not null then item.numero_da_ordem else '' end as COD_ORDEM_CHURN,
				            ROW_NUMBER() OVER (PARTITION BY item.row_id_do_item_de_ordem ORDER BY item.dat_ref DESC) linha
				            FROM 
				            dw_r_conv_map_vendas_output_fl_churn m
				            LEFT JOIN aux.dw_d_p609_siebel_bat509_itens item on m.cod_contrato_oltp = item.id_acesso_bi
				            where item.dat_ref >= from_unixtime(unix_timestamp(m.dat_criacao_ordem, 'MM/dd/yyyy'), 'yyyyMMdd') and
				            item.dat_ref <= regexp_replace(date_add(m.dt_churn, 5), '-','') and
				            item.categoria_do_item_de_ordem in ('SUB_ACESSO', 'ACESSO') and 
				            item.acao_do_item_da_ordem = 'Excluir' and
				            item.status_do_item = 'Concluído') a
				where a.linha = 1

              ]]></value>
	</property>
		
	<property>
		<name>subset-motivo-ordem-churn</name>
		<value><![CDATA[

				create temporary table dw_r_conv_map_vendas_output_motivo_ordem_churn stored as ORC
				as
				select 
					m.*,
					i.MOTIVO_CHURN as MOTIVO_CHURN_new, 
					i.COD_ORDEM_CHURN as COD_ORDEM_CHURN_new
				from dw_r_conv_map_vendas_output_fl_churn m
				left join dw_r_conv_map_vendas_output_motivo_ordem_churn_max i on m.row_id_item_ordem = i.row_id_item_ordem

              ]]></value>
	</property>
		
		
	<property>
		<name>subset-tipo-churn-max</name>
		<value><![CDATA[

				create temporary table dw_r_conv_map_vendas_output_tipo_churn_max stored as ORC
				as
				select * from (
				        select 
					        m.row_id_item_ordem,
					        case when m.FL_CHURN_new = '0' then '' else coalesce(item.tipo_de_motivo, "") end as TIPO_CHURN,
					        ROW_NUMBER() OVER (PARTITION BY item.row_id_do_item_de_ordem ORDER BY item.dat_ref DESC) linha
				        FROM 
				        	dw_r_conv_map_vendas_output_motivo_ordem_churn m
				        LEFT JOIN aux.dw_d_p609_siebel_bat509_itens item on m.cod_contrato_oltp = item.id_acesso_bi
				        where item.dat_ref >= from_unixtime(unix_timestamp(m.dat_criacao_ordem, 'MM/dd/yyyy'), 'yyyyMMdd') and
					        item.dat_ref >= from_unixtime(unix_timestamp(m.dat_status_ordem, 'MM/dd/yyyy'), 'yyyyMMdd') and
					        item.categoria_do_item_de_ordem in ('SUB_ACESSO', 'ACESSO') and 
					        item.acao_do_item_da_ordem = 'Excluir' and
					        item.status_do_item = 'Concluído') a
				where a.linha = 1

              ]]></value>
	</property>


	<property>
		<name>subset-tipo-churn</name>
		<value><![CDATA[

				create temporary table dw_r_conv_map_vendas_output_tipo_churn stored as ORC
				as
				select 
					m.*,
					i.TIPO_CHURN as TIPO_CHURN_NEW
				from 
					dw_r_conv_map_vendas_output_motivo_ordem_churn m
				left join 
					dw_r_conv_map_vendas_output_tipo_churn_max i on m.row_id_item_ordem = i.row_id_item_ordem

              ]]></value>
	</property>


	<property>
		<name>subset-ordem-chun-max</name>
		<value><![CDATA[

				create temporary table dw_r_conv_map_vendas_output_ordem_chun_max stored as ORC
				as
				select * from (
				    select 
					    m.row_id_item_ordem,
					    case when m.MOTIVO_CHURN_new = '' then '' else coalesce(ordem.data_criacao_ordem,"") end as DT_CRIACAO_ORDEM_CHURN,
					    case when m.MOTIVO_CHURN_new = '' then '' else coalesce(ordem.data_finalizacao_ordem,"") end as DT_CONCLUSAO_ORDEM_CHURN,
					    ordem.numero_ordem,
					    ROW_NUMBER() OVER (PARTITION BY ordem.numero_ordem ORDER BY ordem.dat_ref DESC) linha
				    from 
				    	dw_r_conv_map_vendas_output_tipo_churn m
				    left join 
				    	aux.dw_d_p609_siebel_bat509_order ordem on ordem.numero_ordem = m.num_ordem_siebel
				    where 
					    ordem.dat_ref >= from_unixtime(unix_timestamp(m.dat_criacao_ordem, 'MM/dd/yyyy'), 'yyyyMMdd') and 
					    ordem.dat_ref <= regexp_replace(date_add(m.dt_churn, 5),'-','') and
					    ordem.status_ordem = 'Concluído') a
				where a.linha = 1

              ]]></value>
	</property>


	<property>
		<name>subset-conclusao-churn</name>
		<value><![CDATA[

				create temporary table dw_r_conv_map_vendas_output_conclusao_churn stored as ORC
				as
				select
					m.*,
					i.DT_CRIACAO_ORDEM_CHURN as DT_CRIACAO_ORDEM_CHURN_NEW, 
					i.DT_CONCLUSAO_ORDEM_CHURN as DT_CONCLUSAO_ORDEM_CHURN_NEW
				from dw_r_conv_map_vendas_output_tipo_churn m
				left join dw_r_conv_map_vendas_output_ordem_chun_max i on m.row_id_item_ordem = i.row_id_item_ordem

              ]]></value>
	</property>
  
	<property>
		<name>subset-tecnologia</name>
		<value><![CDATA[

				create temporary table dw_r_conv_map_vendas_output_tecnologia stored as ORC
        as
        select sub.num_ordem_siebel,
               sub.tecnologia
          from (select t.num_ordem_siebel,
                       t.tecnologia,
                       row_number() over (partition by t.num_ordem_siebel) linha
                  from dw_r_conv_map_vendas_output_conclusao_churn t
                 where t.tipo_produto = 'BANDA_LARGA') sub
         where sub.linha = 1

              ]]></value>
	</property>

	<property>
		<name>subset-final-ext-pai</name>
		<value><![CDATA[INSERT overwrite directory '${output-path}' ROW FORMAT DELIMITED FIELDS TERMINATED BY '|'
NULL DEFINED AS ''
STORED AS TEXTFILE
SELECT final.datref
	,final.dat_criacao_ordem
	,final.hora_criacao_da_ordem
	,final.dat_venda
	,final.hora_da_venda
	,final.dat_venda_orig
	,final.hora_venda_orig
	,final.dat_status_ordem
	,final.hr_status_ordem
	,final.num_ordem_siebel
	,final.num_ordem_siebel_orig
	,final.cod_contrato_oltp
	,final.cod_contrato_ativacao
	,final.cod_contrato_atual
	,final.numero_acesso
	,final.customer_id
	,final.tipo_documento
	,final.documento
	,final.tipo_venda
	,final.tipo_produto
	,final.velocidade_download_new
	,final.velocidade_upload_new
	,coalesce(plano.nome_do_produto, final.plano_ativacao_oferta) plano_ativacao_oferta
	,final.login_vendedor
	,final.login_vendedor_orig
	,final.nome_vendedor
	,final.nome_vendedor_orig
	,final.canal
	,final.canal_orig
	,final.cnpj_parceiro
	,final.cnpj_parceiro_orig
	,final.custcode
	,final.custcode_orig
	,final.position
	,final.position_orig
	,final.dt_criacao_ordem_churn_new
	,final.dt_conclusao_ordem_churn_new
	,final.flg_canc_antes_venda
	,final.flg_venda_submetida
	,final.flg_venda_duplicada
	,final.flg_venda_bruta
	,final.flg_venda_liquida
	,final.fl_gross_new
	,final.fl_churn_new
	,final.flg_canc_pos_venda
	,final.flg_canc_dupl
	,final.flg_canc_liquido
	,final.dt_gross_new
	,final.dt_churn_new
	,final.motivo_churn_new
	,final.tipo_churn_new
	,final.dt_canc_venda
	,final.motivo_cancelamento
	,final.nome_cliente
	,final.telefone
	,final.email_fatura
	,final.uf
	,final.tipo_logradouro
	,final.logradouro
	,final.numero
	,final.complemento
	,final.bairro
	,final.cep
	,final.cidade
	,final.msan_olt_venda
	,final.msan_olt_trafego
	,final.status_ordem
	,case when final.tipo_produto = 'VOZ_FIXO_VOIP' then tec.tecnologia else coalesce(plano.dsc_tecnologia, final.tecnologia) end dsc_tecnologia
	,final.forma_pagamento
	,final.tipo_conta
	,final.cod_banco
	,final.cod_agengia_bco
	,final.cod_conta_corrente
	,final.cod_debito_automatico
	,final.dia_vencimento
	,final.semana_venda
	,final.semana_venda_orig
	,final.score
	,final.score_consumido
	,final.dt_finalizacao_ordem
	,final.dt_conclusao_wfm
	,final.qde_contratos
	,final.cod_ordem_churn
	,final.num_protocolo
	,final.flg_ordem_automatica
	,final.dsc_tx_recorrente
	,final.dsc_tx_nao_recorrente
	,final.dsc_status_item
	,final.nom_login_responsavel
	,coalesce(plano.nome_plano, final.nom_plano_atual) nom_plano_atual
	,coalesce(plano.vlr_recorrente, final.val_plano_atual_item_new) val_plano_atual_item
	,final.nom_desconto_atual_item
	,final.val_desconto_atual_item_new
	,final.flg_portabilidade
	,final.dsc_operadora_doadora
	,final.cod_ddd
	,final.num_telefone_portado
	,final.dat_janela_portabilidade
	,final.hora_da_janela
	,final.dsc_status_ordem_wfm
	,final.dat_status_wfm
	,final.hora_status_wfm
	,final.id_recurso_wfm
	,final.nom_recurso_wfm
	,final.id_recurso_pai_wfm
	,final.dat_primeiro_agend
	,final.hora_primeiro_agendamento
	,final.dat_agend_atual
	,final.hora_agendamento_atual
	,final.dsc_status_ativacao
	,final.dsc_endereco_fatura
	,final.dsc_area_voip
	,coalesce(plano.cpe, final.cpe) cpe
	,coalesce(plano.ont, final.ont) ont
	,final.codigo_convergente
	,final.detalhe_recusa_crivo
	,final.item_root
	,final.login_cancelamento_ordem
	,final.nome_usuario_canc_ordem
	,final.custcode_cliente
	,final.dominio_root
	,final.email_cliente
  ,'${PARAM_DATE_REF}'
FROM dw_r_conv_map_vendas_output_conclusao_churn final
LEFT JOIN dw_r_conv_map_vendas_planos_sem_pai_val_plano2 plano ON (plano.row_id_do_item_de_ordem_pai = final.row_id_item_ordem)
LEFT JOIN dw_r_conv_map_vendas_output_tecnologia tec ON (tec.num_ordem_siebel = final.num_ordem_siebel)
              ]]></value>
	</property>


	<property>
		<name>subset-final-export-gpdb</name>
		<value><![CDATA[insert overwrite table ${managed-table} partition(dat_ref)
							SELECT final.datref
									,final.dat_criacao_ordem
									,final.hora_criacao_da_ordem
									,final.dat_venda
									,final.hora_da_venda
									,final.dat_venda_orig
									,final.hora_venda_orig
									,final.dat_status_ordem
									,final.hr_status_ordem
									,final.num_ordem_siebel
									,final.num_ordem_siebel_orig
									,final.cod_contrato_oltp
									,final.cod_contrato_ativacao
									,final.cod_contrato_atual
									,final.numero_acesso
									,final.customer_id
									,final.tipo_documento
									,final.documento
									,final.tipo_venda
									,final.tipo_produto
									,final.velocidade_download_new
									,final.velocidade_upload_new
									,coalesce(plano.nome_do_produto, final.plano_ativacao_oferta) plano_ativacao_oferta
									,final.login_vendedor
									,final.login_vendedor_orig
									,final.nome_vendedor
									,final.nome_vendedor_orig
									,final.canal
									,final.canal_orig
									,final.cnpj_parceiro
									,final.cnpj_parceiro_orig
									,final.custcode
									,final.custcode_orig
									,final.position
									,final.position_orig
									,final.dt_criacao_ordem_churn_new
									,final.dt_conclusao_ordem_churn_new
									,final.flg_canc_antes_venda
									,final.flg_venda_submetida
									,final.flg_venda_duplicada
									,final.flg_venda_bruta
									,final.flg_venda_liquida
									,final.fl_gross_new
									,final.fl_churn_new
									,final.flg_canc_pos_venda
									,final.flg_canc_dupl
									,final.flg_canc_liquido
									,final.dt_gross_new
									,final.dt_churn_new
									,final.motivo_churn_new
									,final.tipo_churn_new
									,final.dt_canc_venda
									,final.motivo_cancelamento
									,final.nome_cliente
									,final.telefone
									,final.email_fatura
									,final.uf
									,final.tipo_logradouro
									,final.logradouro
									,final.numero
									,final.complemento
									,final.bairro
									,final.cep
									,final.cidade
									,final.msan_olt_venda
									,final.msan_olt_trafego
									,final.status_ordem
									,case when final.tipo_produto = 'VOZ_FIXO_VOIP' then tec.tecnologia else coalesce(plano.dsc_tecnologia, final.tecnologia) end dsc_tecnologia
									,final.forma_pagamento
									,final.tipo_conta
									,final.cod_banco
									,final.cod_agengia_bco
									,final.cod_conta_corrente
									,final.cod_debito_automatico
									,final.dia_vencimento
									,final.semana_venda
									,final.semana_venda_orig
									,final.score
									,final.score_consumido
									,final.dt_finalizacao_ordem
									,final.dt_conclusao_wfm
									,final.qde_contratos
									,final.cod_ordem_churn
									,final.num_protocolo
									,final.flg_ordem_automatica
									,final.dsc_tx_recorrente
									,final.dsc_tx_nao_recorrente
									,final.dsc_status_item
									,final.nom_login_responsavel
									,coalesce(plano.nome_plano, final.nom_plano_atual) nom_plano_atual
									,coalesce(plano.vlr_recorrente, final.val_plano_atual_item_new) val_plano_atual_item
									,final.nom_desconto_atual_item
									,final.val_desconto_atual_item_new
									,final.flg_portabilidade
									,final.dsc_operadora_doadora
									,final.cod_ddd
									,final.num_telefone_portado
									,final.dat_janela_portabilidade
									,final.hora_da_janela
									,final.dsc_status_ordem_wfm
									,final.dat_status_wfm
									,final.hora_status_wfm
									,final.id_recurso_wfm
									,final.nom_recurso_wfm
									,final.id_recurso_pai_wfm
									,final.dat_primeiro_agend
									,final.hora_primeiro_agendamento
									,final.dat_agend_atual
									,final.hora_agendamento_atual
									,final.dsc_status_ativacao
									,final.dsc_endereco_fatura
									,final.dsc_area_voip
									,coalesce(plano.cpe, final.cpe) cpe
									,coalesce(plano.ont, final.ont) ont
									,final.codigo_convergente
									,final.detalhe_recusa_crivo
									,final.item_root
									,final.login_cancelamento_ordem
									,final.nome_usuario_canc_ordem
									,final.custcode_cliente
									,final.dominio_root
									,final.email_cliente
								  ,'${PARAM_DATE_REF}'
							FROM dw_r_conv_map_vendas_output_conclusao_churn final
							LEFT JOIN dw_r_conv_map_vendas_planos_sem_pai_val_plano2 plano ON (plano.row_id_do_item_de_ordem_pai = final.row_id_item_ordem)
							LEFT JOIN dw_r_conv_map_vendas_output_tecnologia tec ON (tec.num_ordem_siebel = final.num_ordem_siebel)
              ]]></value>
	</property>




</configuration>